id,name,review_count,rating
NensKn1MSVU_rm-1Y6WlFA,Marulilu Cafe,281,4.0
oHYOa9l5aLOQpJ8dF6sDmA,Menya Raizo,68,4.0
3sTVFA9wQQT_7RTUj_g1rw,Donair Spot,42,4.0
1AA4EjIIXywxOSnbyZ9vLA,Pho Extreme Xe Lua,101,2.5
31ag-M_QiaycGQrvAi169w,Jollibee,7,4.0
5nGTOnj9Fwb2hZUP3JQPVg,Pizzamia Gourmet Pizza Bar,5,4.5
RVqYrtjaMZFdNUjfM8plVA,Starbucks,3,4.5
SjoGSiEVXN6u9SHFZ7CWRw,A&W,16,2.0
yNGbRPKzTMGheRpqA2noNg,Walking Figures,2,3.0
O8I2UEhzIiTF_lFbIHvJ-Q,Aisha Tandoori,4,2.5
f7jEEU1I96mqji4B65pLBA,Subway,1,1.0
NdEPf2Ls5Ql3_nkwjqKvXA,The Flying Pig,1230,4.0
gV9lrbWr1CE1Jl0E58UO2g,Minami,727,4.0
htvl5L_V-zKN0UvUgP60PQ,Robba da Matti,473,4.0
mkqiEUO9KZbYtFPaDGxT0w,MeeT in Yaletown,150,4.0
33vTX7D5up56a1dm_AGsUQ,Mister,269,4.0
sPPMSEvhjkWcJUPA9DtX7w,Loving Hut Express,63,4.5
BvzP3ytN5VWLAelR5i-DYA,The Yaletown Distillery Bar + Kitchen,188,3.5
tdcbwxEP8JZfgx1NaRS9-g,Hapa Izakaya,203,3.5
pzPNqJuBgkzDb9DV2fvjfQ,Salsa & Agave Mexican Grill,204,3.5
f7Sr6NKUtQYCZZSvYiNvtA,Cactus Club Cafe,204,3.5
ApjtI5aULYXY4IXm_WNVjw,Sushi Maro,85,3.5
0zErZVaaOhJUV1lNEqEc6Q,Bistro Sakana,131,3.5
Vbxro_sbR21MXBsoqE_ogQ,Starbucks,24,4.0
ai64rPmUd14onCCkwDSoCA,Cha Yuan,18,4.5
nnffEZLV13xqsjTIxXeqIA,Little Saigon Yaletown,95,3.5
6we9hSReCQ0urWSMoHDfpA,Black Echo Coffee,11,4.5
NqNVJzRLCVojpC_qk9QQeQ,Capo & The Spritz,25,3.5
DhKfYlqLf5kKVC-XCByi_w,OPUS Bar,21,3.5
_734xg7ZVHgBrTxojRunyQ,Paulies Kitchen,46,3.0
D4SQ5UvvAcuGP5q685952Q,Bar None Nightclub,67,2.5
AX_6GWJ8gPBrrnxeJgTN-A,Mapo Pancake House,8,4.0
zSVlSPVRWk2I9u28cE8brw,Zab Zaab Thai Cuisine,7,4.5
TLoyQDuaF2WVEBFG5arcJg,DQ / Orange Julius,12,3.5
yQsbaC5AHvKgcCw347vcvA,Panago Pizza,33,2.5
N-Ahs69EtsSiclDTdm1ekA,Obanhmi,4,5.0
XQrDcM6Slk65d1sjxky-lQ,Grab N Go,3,5.0
SfzXH5rwrUCbTA5nimEW_A,Subway,16,2.5
AyPsfJ4SsDwoP2bmXD44Ng,Freshslice Pizza,10,3.5
Shhhpxpg51ZXz9-CovBI_g,Aburi To Go,4,4.5
-D7PKtHkig9PpBg7oRYEzQ,Faubourg,3,3.5
hDQmMvYXpLVXwhXSu9HsOQ,Nightingale,437,4.0
BdHvzCsxbLCErx36UcnMZQ,Meat & Bread,209,4.0
A2bK8SMYMQfNs3WgICHZyw,JOEY Bentall One,220,3.5
11DWf_QsuFIVaH26jEorow,Kamei Royale Japanese Restaurant,192,3.5
p3N67zgxmRsEyiO2S16aZw,Chewies Steam & Oyster Bar,240,3.5
Sj94I82l_cUvFDkMiQXuLw,Koffie,49,4.0
ME4x6MC86Z-Ewc1pT0JWKg,Bovine,37,4.5
b102gNXJjaOSsDc3G1ePTQ,Fujiya,80,3.5
bWmgiuAxZC60YoE1IgMiHg,Tacofino Oasis,33,4.0
_FilivvpCbfT3vac3P_oiA,The Butcher & Bullock,104,3.5
aXfCILskLB148tV_gkcGqw,Tim Hortons,12,2.5
oPAvVk2g_FUQOioH5RP9fA,Quiznos,20,2.0
ajO3_KCeodunpWlQKjQ1_Q,Chop n Toss,12,3.0
YBN_9DtaoR5YdMR_5a-BlA,Fortune Express,9,2.0
gTxy81npm0Y3QYGoUEoF9A,Kuroi Sushi,4,3.5
c8X4kKXVxMIyC0aq5KLadw,Starbucks,9,2.5
6Co80lXA-nB2PnG-gyvipA,Blenz Coffee,6,2.0
8-hAnm8pdLGgiODUqX0UDA,A&W,2,3.5
lhsezQPwPPI9JbSWz6imxg,The Bagel Stop,10,2.5
3BJOc0BZvfljw06OTITEJQ,Aidan's,1,4.0
ldFf9NPNeV3b5r5IhGzN3w,Enzo's Cafe,6,2.0
BcZaxpNs-g-U7__CpZMO_A,Vina Vietnamese,2,3.0
rklUKuLFAafqZ61vfD7e1w,Opa Souvlaki of Greece,2,1.0
-Zwr2XYLcZkd7I1wg8GYLw,Kiosk coffee,3,2.0
CoK_Qxi-2Hom8dJSIIzkzA,Cafe Rio,2,1.0
iHgpWa4sNnjGjPsZIi-VNw,The Ellis,77,4.5
QHwx44M5TtXiwqU_0-VfXg,Nook,158,4.0
r6ky7WzDTgjZSxWFqa2l8w,Local Public Eatery,277,3.5
M4jkJHewQXZvDV34Tuon8g,Chewies Steam & Oyster Bar - Kits,290,3.5
PpPVbWqcPaUbtnWIYTcMsQ,Café Zen On Yew,163,3.5
jd0XyZCTzMOwiSrVjCwcpQ,Viva Fine Foods & Bakery,60,4.0
qn_lvX0D27u38UzAL4pa1g,The Cider House,22,4.5
DJGoBfUSZ955bNQAK6aBog,Kibune Sushi,64,3.5
bUyJ7AHN-dXCewS0NVw7jQ,Lucky Taco,57,3.5
3o_uedOTplKebCqHw6H86A,Thai Basil,57,3.5
YXooKYy632AGmzjqjBrutA,Paradiso Italian Gelato,24,3.5
htZ2lOcEJ3BRhwMehZgI7A,Kits Cafe and Eyewear,2,5.0
vN-OSZtWPZRrxgRt6Zdx6A,King’s Head Public House,5,4.0
rQOpafcLorc_rPDPOKjfGg,Mun Chicken,1,4.0
guvAcx5czb6IqmuED1E-uA,Enroute,1,1.0
64drFDGorfQPecRLP-lThw,Obanhmi,6,5.0
fC7Nik_Eyhth4l9wFB2Qpg,Feel City BBQ,9,3.5
TZ2fpNhNWH2tmFI-kIG_yw,Budgies Burritos,278,4.0
3c5iJ9DQPt3R7Do1WaaW-w,La Petite Cuillère,140,4.0
r-njwQQ57eF8ejv2QclItA,AJ's Brooklyn Pizza Joint,122,4.5
STTsnEapJPt4ZR1sQ3hNig,Level V Bakery,27,4.5
UjDZwOEn1Cx3o906B541EQ,Hime Sushi Restaurant,88,3.5
IO51VcyNBLtRGl4FF8bOmw,Whisk Matcha,34,4.0
YUWUwIv6WrwHda81WqNVwg,Hime Sushi,49,3.0
Ri0V6nyH0qOQH6e5vtDQ0Q,Kin Kao Song,12,4.0
TPSicxGE9Fc9c0377PHmtg,Pizza Pizza,12,2.5
vi0pI7ghshOZ3JHe3WE5jw,Western Front,2,4.0
RXaSRc5rWu7kr6A6yl6cWw,Freshii,7,2.5
FD4jKJCMQrvLtS17Pg0rZg,Quesada Burritos & Tacos,1,4.0
esiq28ryKqk7G_xwDyJxkg,Koyuki Sapporo Ramen,91,3.5
viTut7TZzcR2Q8HAtqe8Zw,Tim Hortons,46,3.5
a9P_JDakVrbunkghXHM9ug,Coco Rico Cafe,74,3.5
1UkzvVfUk0_MSTm6G34fMA,Bella Gelateria,10,4.5
B2UbgKVGP6P7HhD4DtYP8A,Ahwaz Hookah House,22,3.5
Kv9c395EanG-Xv8pp8j_fg,miss KOREA BBQ,29,2.5
ZfsWvQRC1nhMOcD67rcFtQ,Wasabi Restaurant,3,3.5
kajMc2fkWKdzKJ1M4pm47Q,Stanley Park,1035,5.0
1KSuwOYn_bmhAEAgUriYYA,Kissa Tanto,269,4.0
RfcPs1GmBErgev2CJlkfQA,Manpuku Bento,38,4.5
d0YyLeHs90eNBCACc6_WIw,Barbara,14,4.5
_x53w2dzVJiLW7vLd7qbjw,Sun Fresh Bakery House,48,4.0
ZaO2ZLbdk-D269iNtYqDWg,La Boqueria,27,4.0
V7WrmzvsMbJZNQ6uf5K6Vw,Dollar Meat Store,21,4.5
8NvMeQwuy_wT37C4_J3BHg,Zhao Mah Bakery,14,4.5
F-TYP2zuIwlqEwjW80d5Ew,Maxim's Bakery,37,3.5
Y8W-6QrUxLlUcm2kHDhyZg,Kevin & Kevin,22,3.5
5rZKOedzldGFx0LNeWdQ0A,Maxim's Restaurant,25,4.0
4n-aj1CTTbDXm5UxdsaKQw,Sing Chong Food Centre,7,4.0
gmCJoBAV2M9VIWJ1X4RIAQ,Savoy Pub,7,3.5
QbvMaN8JekZh9HWRn9e0LA,Addah,3,4.0
DllpjPUSLdhGLIWqUl8cFQ,La Casa Gelato,421,4.0
QmkGDL-8zexdKV3Xcn8ZYg,OEB Breakfast Co. Yaletown,638,4.5
psiDEOaU5uS6REGJMVkUWw,Baggio Gelateria & Pizzaeria,59,3.0
njnqb8mGCy_JMKL9_9szbg,Seahouse Restaurant,6,2.5
kzxedaXoGWb4u4fnmjWBdQ,Uprising Breads Bakery,55,3.5
9Waotz-_G9woVPWZTmZcwA,Lunch Lady,157,4.0
l0cLT4c59zu0H8MVwp7vqA,Sula Indian Restaurant,238,4.0
G-Ugj0M9x_-nL_t2yLUk3w,Moja Coffee,77,4.0
deJiY5QyxKHe1IL4UZrH6Q,Eternal Abundance,116,4.0
MILJRoy07iy0bZUnR0G_jg,Sweet Cherubim,113,3.5
wnNRw7Uo6LVlZxCBYDJnLw,Bombay Kitchen and Bar,43,4.0
LtAYiTJQIQXA2bxTpHZBJQ,Kulinarya,56,3.5
YVVXdCm8GYmRpy13WkDKTA,Mogu Fried Chicken,23,4.5
WWTTonzyOSAs4bIlGxux3Q,Thai Basil,42,4.0
bgzFQZFIItkDGTVj9pFwRA,Pizza Garden Commercial,92,2.5
5DHwjdoJPV8i8IFoqzT-SA,The Pizza Castle & Indian Curry,17,4.0
FkO87g41cGwRWbVneVb2Iw,Britannia Sushi,64,3.0
p7fplGQcl_LKK2dWgiWAEw,Portuguese Club of Vancouver,22,3.5
vcgPf-1LtL7rIWbdwDfhYQ,Megabite Pizza,18,3.5
KJ0Ao8jHxf7SJXUToPeIGQ,Joe's Cafe Bar,23,3.5
HwdvolydGGGqQSpheBrNsA,Tamam To Go,1,5.0
Y0gFX8lk1vOfmc2OYnjsBA,Community Taps + Pizza,4,2.5
1RCJNQnqpTZjNn2YbWn4-Q,Parade of the Lost Souls,10,4.5
w-hfHmpgdu6ocjelPIvZqw,Unity Yoga Community,8,4.5
oHRYpXS_FSG8JO5z8Bvm8Q,Trillium Park,1,4.0
nV-MkqGnkH1fyxuVCs5Jpw,JOEY Burrard,519,4.0
2vXKCM4qvVhCiYuCjOSMEw,Bacchus Restaurant & Lounge,173,4.0
HrmXBx51bAXftEMAJy0iew,Hubbub,225,4.0
AF3GkHlS48ra00-LCi_ojA,Caffè Artigiano,168,3.5
_foBmwAL0w5qIEaUwWcmtQ,Faubourg,159,3.5
AcEBuSwoXHdtobr-LiRRQg,Bellagio Cafe,215,3.0
gdUW6MpgUUzbQnhPA_9qdA,TacoFino,155,3.5
Ssow1Z1RC9VT3u6qSmW-eA,Roaming Dragon,72,3.5
n7cBSlfu_utOVK3QZCCWrQ,1931 Gallery Bistro,44,4.0
HUrvINmrype_IcCX8N_AnA,Basil Box,21,4.0
TWVg8wyzqqLwVUXRsku1lA,Mr. Shawarama,12,4.5
d7DGGcjeSAm2eAyctiKpyQ,Cartel Taco,12,4.5
0NMmNxqEMOZ-e0ESwzNnWw,Mumgry,3,5.0
vp301h_QIwZpZc9vVpgyKA,Geek Sweets,3,5.0
KU8lV6lf-PQiuMtj41DelA,Green Coast Coffee,3,4.5
nB2N7EwLi3CLsQBWAkYUMQ,Hot Dog Stand,3,4.5
KQzB63AKTgkefcZxQpNOTw,Big Dogs,2,4.0
a3RG4bP4Wun-NgrH1uZZhw,The Juice Caboose,3,4.5
e5NQnrKrFmU_OivObaC7UQ,Yellow Basket Baking,2,5.0
o63UdqhhzA17XtyC-X4O8w,Spring by Alan Chung Hung,1,5.0
kMh5p2iQ-6Z6RbmrBivraA,Crossroads Cafe,2,4.5
4ZIpwrNr51oi30D8R6072Q,Plates By Payts,2,4.5
c2_wO8jC9BSWnX5onAriOQ,Elbo Patties,2,4.5
e7rKQdWlynQpm5NFukEdsQ,Lumbermen's Arch Cafe,4,3.5
KUAsPjpy2pQcItMofwo2lw,It's All About Grill,3,4.0
sQ0fBSttmA3-LNxAaFwZTg,Sausage Cart,1,5.0
kMg9vBlpJ9e_wcU7e1yHZQ,More... Please,1,5.0
_-eV3VGH9_1dQ1acbHdtcA,Façade Festival,1,5.0
I0rBB5rK5Ow-qtsHUEmgeg,Arielles Sweet Tooth,1,5.0
r9P-Laza7Th9CnCDWvuaSA,The Sweet Alley,1,5.0
eOVTyiE-GMfG1NdG_-Z4Zg,Sweet Fairy Hut Catering,1,5.0
YtUuz38Sqhg0kDM9WunRIw,Bah! Baked At Home,1,4.0
AUAF4JbMmeUzUxrdfxBZhQ,Sustainably Sweet,1,4.0
soc2BgJ5g2o5DtEKafyhgQ,Trudy Ann's Chai,1,4.0
LHr4sVDp8tCnL_bkQxdUQw,Nabob Pop Up Cafe,1,3.0
7I3zpAtJg9La5CsqjM8d3Q,BeaverTails Pastry & Poutine,1,3.0
wDmBNugSnKZDDUeYm7dA1Q,Karla's Specialteas,1,3.0
0fGh_lANUDc93j0zQydZMg,Vancity Bakeshop,1,3.0
paSPh_JP5D_EC3uwMVPpwg,My Oh Mai Foods,1,3.0
wWJuMUz3pWL9OVfGD30vaA,Pacific Lounge,1,2.0
cA_W0XQcTsYZUwOXlGj48A,Sopra Sotto,127,4.0
kps_seTW758-4BPga_X68w,Dolce Amore,136,4.5
nV6nLxww8P3xAshYZmalZA,Ginger Sushi,78,4.0
iPlWTqPac_B9qpS0Y_AhcQ,Tandoori Palace,123,3.5
jKpHTUzCoXBFjdg8PMCsVA,The Charlatan,155,3.5
ulsLlVcGvuLOSN0n3bR2zg,Harbour Oyster + Bar,68,4.0
2ACWJP0YGyKhpU8vMUWPBg,Marcello,323,3.0
7EKeO01Wmal-9tLqVUXUvA,Sake Maki,69,3.5
9k97YeY5BAr76bI5N1HKJA,Merci Beaucoup Cafe,21,4.0
Vtmuv3UZsUDr7q1JIngzLg,Livia,52,4.0
qX3N-KukDJOU4hfb-dfvbA,The Dime,140,3.0
je53sE7RTFj9Nix0aatH3g,Viet Family- The Vegan House,14,4.5
5lAYuU0vMEkYXMgSBUnDcw,Arriva Ristorante,69,3.0
-3jnPOLStOTqf7pF_4mKRg,Auntie Jen's Pizzeria,15,4.0
6wzztDGSDViDWp27tBGoSQ,Vera's On The Drive,28,3.5
GdAij7JCPWDfy0Z50m-TIA,Hanai,9,4.0
QrmiSkUQeW2MjeNixp0blA,Paris Bakery,13,3.5
gla7RuGJHuJ5xV8Nt-zVzQ,Hirado Sushi,35,2.5
Ma2vzb0TaS5kYslDwE2D2w,Bar Corso,3,4.5
wfHsRTzfpQXAZtz6lhHLtg,Hinn Ramen,4,3.5
Wvzy3EHqvgFw4vixKirsAg,Cozen,1,4.0
2AGNvq-2neVmqyGq9_Vmnw,La Grotta Del Formaggio,181,4.5
psIbeHKmHygG_XVBuEv7qQ,The Cannibal Cafe,251,3.5
TZFzuM0bq0yCfyipTxXCYQ,Fratelli Authentic Italian Baking,80,4.0
ZOu3gVwRIV9T20f56yyVCw,Café Calabria,97,3.5
lCp-kUjIyexSjTph6P2L2Q,Belgian Fries,207,3.5
aDx0sjQpEq2--ENk5vw0aQ,Mediterranean Specialty Foods,28,4.5
rcGTDmh60fbuiI5wG4NbTA,Kojima Sushi,68,3.5
90Mh5BxmRthFFFhfapb2Og,Take Thai Home,72,3.5
u2mD3F_-7D5jcqreAQ1d1A,Continental Coffee,55,3.5
vi9OG-2KBsAQYjybvIJvoA,Giancarlo's Sports Bar,12,5.0
gpsha2OUsHpQHSXO5SRVKw,Oh Sweet Day,25,4.5
ioTETSXgFmHQjBfqJjwc_Q,Red Burrito,81,3.0
Z4zmiTwWIgpO5AIVqEP5Nw,Social,15,3.5
6pCz3tYqjilN9UKpIAmKMg,Sal y Limon Mexican Cuisine,9,4.0
jrW5mnMLDp2BeGZh8A6VFg,Sushi Ninja,10,4.0
zSgaHiJPpSe_lKqYHg083g,Park Drive,19,3.0
ElU6zr1-L9XuErmdDy5ViA,Delhi Fusion Indian Cuisine,6,3.5
92FXE6-VIhvk0i_MZaVjqQ,COBS Bread,2,4.5
bSny_9mk53IpeC-oYhpQrA,Aroma Cafe con Piernas,1,3.0
_W2n7LHfjQmWtv_yca0xqQ,Osita,1,3.0
7ekikf8asCXX3hBgdKp8rA,Babylon Tea Company,1,1.0
I0r8kMimYW2BY6lINcZRFA,Kishimoto Japanese Kitchen,504,4.5
JoaCHPW7XMzZJDAjFKl3jg,Elephant Garden Creamery,120,4.5
pI9ZtT7OHt5sMJC7MxutFQ,Fire Pizza,182,3.5
l5YE5LXTdFQ3DdmECHVWpQ,Prado Café,123,3.5
ip5hyNODb1XTq1-3rDKs6g,Addis Cafe Ethiopian Restaurant,29,4.5
qeFnyrrsUwW8Ww_ojxcssQ,Best Falafel,76,3.5
_e56IaLWRU9RTdRDbqtLEg,Rinconcito Salvadoreno Restaurant,87,3.5
zcoPjPRU_gtzkUXXa07Tzw,Grounds For Coffee,42,4.0
HF7NNHZXHyTVyOON26mBHg,Sushi Ville,146,3.0
LklghlHetMds8vGlEshMjg,Tangent Cafe,136,3.5
T7KT5Ag16ySOq4LDwbkUoQ,La Pache Pizza,23,4.5
v7910-DAd5gQuRcJTi953A,Riddim & Spice,36,3.0
WsBJnjMAy2KOIE9InQupug,4 Brothers' Pizza,31,3.5
3zaU9jNhg_plHlTJGJbENg,Holy Smoke,2,4.5
1kIQ8te28ErAK-dFyLHcaA,Hariyali Express Indian Cuisine & Bar,1,5.0
I_htQGvBNVkH2j1zaEfANQ,Uncle Fatih's Pizza,169,3.5
VznOFJQbZ9PZKrzdXkkiiA,St. Augustine's,274,3.5
JIlC64DUU57S5PDmtPb9yA,Megabite Pizza,51,2.5
hIPlc-k-0-g6oTcH1C5BZQ,A&W,30,2.5
s7RG7BBV4Yp0r6OaJ6wPwQ,Blenz Coffee,27,2.5
n756OL-fbe0sOKAMEfsphg,Hon’s Wonton House,5,2.5
o-AGcEVVbNDk3_SCEhNERg,Donair Dude,3,3.5
j-teQtiryfYDm_OJiSvGVw,Daddy's Kitchen,61,4.0
viIkP8GvprnuDSMWVc-8fw,Commercial Sushi,62,3.0
qojkMf7X9QjjTBMpsFIkiw,Broadway Station Sushi,92,3.5
WSydilwKsDcBfGODExHHJQ,Chai Wagon,12,4.5
2KcGg4og_5ViWNs2WyKIdQ,Kyle's Café,30,3.5
4dx9reXFn8EINhbHrBiYgw,DK Chicken,7,3.5
FEqXdPjcbE5tTTPWHnwtkw,McDonald's,18,1.5
fExtjpt8trKzZC-_tFDH-w,Subway,12,1.5
CseWcX_WffrIF95u25qGXw,Quiznos,9,2.0
kx92VyzuatqMLO-UGhfJKw,Freshslice Pizza,10,2.0
l33KtjOlGzN_Q8ceGJ2NGg,Rooster's Ice Cream Bar,111,4.0
FkhnsXK5JYUsA-dCYoJQNA,The Paper Crane,25,4.0
JqTBmUiEbQ_tFt_wtKjQGw,The Lido,19,3.5
Jkaobpsv1AKThgRQbqd7aA,Alice Townley Park,1,3.0
4EV_ZcQmjAmP3pmO-_nb2A,Miku,2059,4.5
cKJ2YNQ-fMlJS2eWS_N7jQ,Festal Paleo Cafe,95,4.0
eWoyUHGA44U6jCdXDhRfIQ,Arturo's Mexico to Go,42,3.5
emeaXJIk6jy4Vb8r1wnkxg,Chronic Tacos,32,3.5
3jyz605NGvJV6uId5tjf9Q,Deville Coffee,13,4.5
kmYutX-6Vo2EgvwAHU0c8w,Railtown Cafe,21,3.5
2ANDBIhkoO4SS07RK2GDyg,Freshii,70,2.5
-P961fNkJNpTfO4L1DAbSA,A&W,26,2.5
_nNUhU9r-93hCkMLljg7Jw,Dim Sum Express,12,3.0
sMqd9yflL4GiRD22bCl7WA,My Toan,4,3.0
AUBRwXtPavV6IhPHX4GRSQ,Creme de la Crumb,7,2.5
s3loU-mRXSYos-_hvVY3RA,Waterfront Centre,4,3.5
lkawl3pb77G-K8xVocaJ_Q,Blenz Coffee,7,2.5
pvRp-rIAgTnooesjeCj3Dw,Granville Square Plaza,2,4.0
_h4EJzahR9-YQSgv4b8u9Q,Swiss Coffee Cup Cafe,2,4.5
hZb77OFyASOJMGAJCfwDVA,Canadian Pacific Railway Company War Memorial,1,4.0
-d-_pDV5qIyZsTjGihCwdA,Blenz Coffee,3,2.5
l184Y1d3oAa5_Al4YIaRjQ,Anh and Chi,566,4.0
bCJJDgKVudbaFL5-2gMm3Q,Sushi Hil,13,4.0
eIjgojlxRxC77-PZQkIo6w,Church's Texas Chicken,34,3.0
jPvAuma6y7Wf5XskgN6qKg,Nikkyu Japanese Restaurant,78,2.5
kyKSPGalAGSUdEv38Cx9Uw,Pizza Hut,38,1.5
X6BwoRVw9SZllZ4jAMfdSQ,Suyo Modern Peruvian,4,3.5
Xno26mcyiOtgHoUkJ0gGIQ,Grimmett Park,2,3.0
pP9eottHTBCGW9uEBR5myw,The Poodle On The Pole,1,2.0
bNd0KN1pI-1XNlCq8JF--Q,Pizzeria Barbarella,201,4.0
9KgB4mKZnW7GRU3zjPcxvw,Fassil Ethiopian Restaurant,139,4.5
vEMHHSQW9JDBnBkGoQ5i1w,Catoro Cafe,32,4.0
MTtZkpq2ALQFlLaM2AK91A,Anna's Cake House,45,4.0
I5dIeOqjOL-AnoH9OLNh_Q,Hail Mary's,15,4.0
xieW0hEoCWIFzavfJbWK4w,Nha Trang Restaurant,20,3.5
TDT5DiZ9preK1ad0AFLlDw,Klasik Inasal & Noodle Express,12,3.5
KAkycZxNCavRvN5_XKAHNw,Ba Le Banh Mi,28,3.5
C-ddZ2lcotmzqf-grZbs1w,Camion Cafe,7,5.0
8HRKVSGAHBazLZFeeVJBsQ,KFC,27,2.0
fypxzyH9vQ3yO8mBTmiMqA,Moose's Down Under,139,4.0
hoTL3Z09TEpIzWcX5YAk3w,Mink - A Chocolate Café,206,3.5
9QJ5_oSo5dl5Xi8fZ_vddg,Palate Kitchen,88,4.0
oHLb2hTklvXCTSnMFpciog,Sandwich Plus,37,4.5
18J36O-RtwKjemcr8AKadA,Hydra Estiatorio,89,3.5
O1LDlBOV-MuJE9l5F1ewsQ,Sciué Italian Bakery Caffé,98,3.0
gUDUj1v1VcSaR_7QLLQtNg,India Abroad,44,3.5
hm8sZmShmdxcAZxIyBDPjg,VAN CHA,6,4.5
2rRb62ldXtzADt07WtI0AA,Shogun/Sapporo Ramen,51,2.5
gvP4ILEOHSJ7lja8H0mqig,Curry Hut Indian Bistro,6,5.0
_i3YZocozAfEWTRIJX3HTQ,Bibiko,18,3.5
aADVJzZ5KouzRm66BD7DHA,International Food Fair,12,4.0
UStCIwJABUE5ri2njFTeKA,Chinatown,14,2.0
0Br1NRv_mxeFNz6-zqJahQ,Tim Hortons,10,2.5
uyTRqJvQhnK8mOqV6AJeLQ,Fit for Life Restaurant,6,3.0
9xnZfOKkWXsaMYfIj3cx0g,Chelsea Restaurant,3,3.5
O83jJMrY9ZowMNTmYlfrhw,Open Outcry & Pop Salt,12,4.5
8UvuwVsDEyGjPsY2hEKm2A,Black Pearl,4,3.5
c_XLPDxwemBejfceE3CBkg,Twin Leaf,3,4.5
lApzXZaTXnsm5n8Ncc4yQw,Bubble Waffle Cafe,2,4.5
3TGGEz-1YHGYlrM1QTjUyg,Fumiyoshi Japanese Restaurant,11,2.0
j09NT31AigVf8nexQR6P7A,Salad Loop,4,2.5
O5tu2zGAi0QtWDm-ntWJJQ,Kumo Japanese Ramen,3,3.0
EeoqAG5ST9WPPHFiNKMgrA,Space Venus,2,4.0
U43N7XRyuC5q5tyoQuluVA,Bubble Waffle Cafe,1,4.0
y3T7igWjA9H8U8RDvSJRGQ,Hornby Sushi,1,4.0
y1fDCgz1Bw9IbZqOx87WyQ,Vancouver International Fashion Week,1,4.0
_yXZaBSbGTdvz0bcJ7hzrQ,Dance of Time 1,1,3.0
a4gSpd2bnghmMEiMZsMqkQ,Woman Aflame,1,3.0
MzPOmxFhXfZ9BJ3egLTaFw,Persis Greek,1,4.0
9J0Vfl6wJusqvbMT3jQJjw,McSpadden Park,2,4.0
CkL93P0s4GeUihqWkiPi0g,Aleph Eatery,65,4.5
1nBhPHD4j_vMs0GlOqjctw,JJ Bean Coffee Roasters,24,4.5
gfj2Nyut-fEjWOMQBjQ7xg,Straight and Marrow,23,4.5
vTPO6coQgKb7rDrLzFdqhQ,The Pie Shoppe,81,3.5
y4vjMBAda7zdSglUnurecg,Elephant On Powell Restaurant,5,5.0
1cLwr5seljEEtxalUaN-gw,Operation Sunshine,2,3.5
w3HSOOqJednBOYbO3fajvQ,Les Faux Bourgeois,443,4.0
b8hOuhfKH_NSacq22pw8Sg,Matchstick Coffee,205,4.0
FHT6xHg8qhbJskGPnqOl7w,The Gluten Free Epicurean,128,4.0
Z7el8tD1s7WF7p9J_D6BQg,The Lion's Den Cafe,70,4.0
tU4mzPa6-8Cv1Xtcke-PMA,McAuley Park,1,4.0
gMhOzTi6EpCCgybYHZ0maw,Odd Society Spirits,39,4.5
Sl2d6CgtphU2lh7YY_KgZA,Kafka's Coffee & Tea,8,4.5
zu58Fz_lur97NGf4GjwQYA,Word.,1,5.0
VPqWLp9kMiZEbctCebIZUA,Medina Cafe,2506,4.0
VlV2pcklu5HY32F5MhIgIg,Le Petit Belge,329,4.0
Bznl0qYDT-V6DIVkimUBKw,Straight Outta Brooklyn NYC Pizzeria,216,4.0
vtGxOG7DVS7ftBzRW94uDA,Super Chef Grill,79,4.5
741SMgw6IZUEuQOCqzcSfg,Ebi-Ten,140,3.5
ArAU-fNFnbgzkaekuXLBpA,Hubbub,50,4.0
Iwr76dKTCjFY0ukCRUg4rQ,Gelato Express,41,4.5
zMQNKgVrav_zVsiZYi3jNg,Pacific Coffee Roasters,36,4.0
mbK6zWkSQKqoPZ5Kq_Joeg,Sushi Sonoya,29,4.0
cw1SgRYD7uubwovcGg18kQ,Mediterranean Greens Salad Bar,42,4.0
wQX_TZqgV-xJH6aNNPwayA,Sushi Bros,35,4.0
vJ3oPSOWKBkLhl6bTuGBjw,Gong Cha,89,3.0
TyxGpeuPBkCpOhiZGB-mxg,Tim Hortons,82,3.0
UAYCq0BHeHLYGCEBslpj1g,Hendricks resto lounge,19,4.0
TYeVPg7eqJd3THXG4nCyiQ,Blenz Coffee,18,3.5
LKpCvxmKWJvUINrnr8TEuQ,JJ Bean Coffee Roasters,23,4.0
sY5EJemDoHXY2Exm0BnyOA,Little Bee Bubble Tea,8,4.5
J-cW4KLZbwv0o_QdC3dlrw,Starbucks,9,3.5
_euBl_vh5YewBn0vj3H6KQ,Big G Fried Chicken Steaks,22,2.5
7tIxSphGp1--Vxt-yckHCA,L'Orangerie Dining Room & Loung,4,4.5
_hgnabctXKOVhiU6XkbxQg,SKK,20,2.5
AUZzqFeoDjDwIsM53a1ngA,DQ / Orange Julius Store,13,3.0
F7wUp0MF5aCHqRYF-BDshQ,A&W,11,2.5
uq0_r1t-uJjkIEjDzjYQ4A,Ikoi cha,5,3.0
umte7GLxBTtPdq_pNw7O6Q,Sorento,2,3.5
L-alNHz3NBkZR-S6xRnVjQ,Blenz,3,2.5
PNX8AJe8tAsPuphmHkRXAw,7-Eleven,5,2.5
z_4L33kItkBtPbTi9x8U0A,Pelicana Chicken,1,4.0
aj370RcMGOEqF8VE0NrntA,Ben Gong’s Tea,3,2.5
WRnxXo0s1SMaOJQqHLpVbg,Maguro Honpo,1,4.0
IodhlSsnEIp37rPd3ZvbGA,Strawberry Cones,1,3.0
rgNHvUAnac_InHXkTM58VA,Yan Yang Tian,2,1.5
zSI_0yNVgHyrcgV3rciOvg,Gong cha,1,5.0
pencSqtdwE5muNyxoU7WZg,Chipotle Mexican Grill,1,1.0
EG1VSlaAXq9F3b3DxH8gwA,Dairy Queen,1,1.0
z6trOrTToeMg6B-gn_3lGw,Thank You Pizza,2,5.0
D4OfLaGT7sA5-N6J09L6UQ,Wilder Snail,32,4.0
G6OHz1yM0QALHZX-UR0E7Q,MacLean Park,2,4.5
RgIFM9UZr3x6phaA5fmAnw,MacLean Park Music,2,4.0
-OPJmI98OfSf9mNHC_VLYA,Union Food Market,35,4.5
x6cfLWWETlWd2V0-f5kFiQ,Strathcona Linear Park,3,4.0
HTJTTobu5hXM2Xgqj8OBgg,Havana,369,3.5
GFxuWKBC0QYzpoJKLi69qg,Turk's Coffee Bar,90,4.0
toPPjFXtNZPJ-C14R5DpPw,Fets Whisky Kitchen,152,3.5
mcSFyiIU-ekK-wFm-I_mNg,Famoso Neapolitan Pizzeria,242,3.5
cVTbruAN8w8rB6pm7MR0YQ,Oca Pastificio,41,4.0
HEv5_DxHSWCcpAUtKbBRKA,Cafe Du Soleil,80,4.0
iHHnZb1YEP9vRXOc6-7Nrw,Memphis Blues,124,3.5
CnNMviSZlQGhWh8NcUOyRw,Santa Barbara Market,56,4.0
IVa3Osaz6QtPAB2r31kBDQ,Don Oso's,12,3.5
8WgRC4yd4jJqYEOJJMj4dQ,Grandview Park,8,4.0
QxuX7zibghAjZTAgxE-WXg,Toscani Coffee Bar,15,3.5
KEloJNHTaE-OLkvWIrqgjA,Pacific Poke,7,3.5
MeFTMrfy476JsWHR6wEJbA,Abruzzo Cafe,2,2.0
zJFR6pBdPsuqBve9pmtg0Q,Sprezzatura,48,4.0
r3o9ol2VT7ijHG7Ckxq_Sg,Street Art Works,1,5.0
fnFaXywPOiFQlw7-bj6Bbw,Chai69 Cafe,1,4.0
uNgTjA9ADe_6LWby20Af8g,Long Table Distillery,102,4.5
QKnRngxSLkD6VdHphaz18g,Tartine Bread & Pies,110,3.5
VvyxV7JAXEYXG73a7gyRng,inBtwn Cafe,3,4.5
WJJajrWufzhcnaP43jPIDA,Mr Shawarma,170,4.5
nxTqx7zabD7cWkifv_BNmw,Mosaic Bar & Grille,97,3.5
e-R4nkWuAY4A293yi2QxQQ,Victoria Chinese Restaurant,89,3.0
AHQaqC06uL67BvUrvhWQUg,The Hide Lounge,19,4.5
uTLMc2oGsWzITyKULF1lRA,Vij's Railway Express,71,3.5
QN8OqofO43ZX5gc9ZAbJ-A,The Deli Vancouver,37,4.0
j0uomBri39Pf9NED_tPteA,Grain Tasting Bar,52,3.5
gdfEAAx8kg1reud4I1OcOw,Cookies By George,31,3.5
NJ_LaPb3PzreLGDZ7Hgn-g,PHAT Deli & Catering,36,3.0
kDznRO6fEUfaTRwSFkEPKQ,Starbucks,19,3.5
CyKHHrBeimn5d94FIhAfcQ,Anita's Kitchen,12,4.5
RMy907_r36OEjHm-sCMM9w,Rice 'N Spice,31,3.0
i8OKQUZ2zke4aaAAWdzqEw,Starbucks,8,4.5
6gTuQ_8_TJO9xC48DmIlNg,Bubble Waffle Cafe,26,3.0
prD-JYDNBLnMzxATF7G7Mw,McDonald's,34,2.5
V__i0ZZ3dZsR_ycFgssMcg,Second Cup,19,3.0
hpUVh1wzX2MKSvCkAsuscQ,Tim Hortons,33,2.5
xUE50m7QgWL5Ker5z9Kqvg,Mr. Steak,7,3.5
MNqV5imcJnB1eKRL_b7A2w,Starbucks,10,3.0
XB5pDNGwPETHupdD1SDYLw,Taco Time,12,3.0
F0xinNwhXK_Sw_Cfr-_ZiQ,Crêpe Delicious,13,3.5
8UDbPQNgh6qaQVbeYyJXVg,Connoisseur's Coffee,5,3.5
1IkwRzAtmQ_eE_XN7qrkuA,Subway,7,2.5
J-hVhhssW4M80FiS-sOs8g,Le Viet Cuisine,8,3.0
1vepeNX5_pF877BA4Dp5Jg,Hybar Bentall,1,5.0
_nW-PkADsarqrrbnTCbymA,Jugo Juice,5,3.0
sXND04u1oIC3voImMsPHdw,Flying Wedge Pizza Company,5,3.0
i3H6ZE5Qokd8exdKslTLpQ,Valendine,1,5.0
JAKcER6BU45bDprMhT7H6Q,Hiro Japan Sushi,2,3.0
KcGKZC87nBOARpSq5BLwBQ,Momo Sushi,8,2.0
x3EiyVkIha_VmuhDJL993w,Teriyaki Experience,3,3.0
8PfirE6YtQA9dwSPG9cR8w,Field & Social,2,3.0
IhzdIGFttOuKtwFfffQU4Q,Triple-O's,1,3.0
q4PBJ_xg3ISRTDY6n4MXHQ,Bento Sushi,1,4.0
JOcI6B4XMy8p0fI5q2Ssmg,Salad Loop,1,3.0
_01o-KOyx7PLksDpFcKpdg,La Catrina Tacos,1,1.0
Ev4OaNeVoq6UbKd8774dyA,District Bar & Restaurant,88,4.0
KF9osr-B-5jzmujeb5lMkA,Rocanini Coffee Roasters,54,4.5
JMz8y1xj5JiUN1SH5WWBVg,Frankie's Italian Kitchen,143,3.5
QcobdaSnBNZuqgsRMVWfjQ,Frankie's Jazz Club,41,4.0
gG8I4cBYr705Mk-fTNzlWQ,Sciué,16,4.0
vPilJXGRLxS4r_Ot4lnmpw,Boston Pizza,124,2.0
hW3mdzVh1NLJShTEoG1VLw,Y.V.'s Chestnuts,2,2.5
jaYjyvJYXZn3lNi_tl9Z_A,Pane E Formaggio,1,4.0
M8xFgD-yc5odkwbmQWeh5Q,Cafe Orca,4,1.5
6iOAgzJ0DRZNSKA3FSrrOg,La Taqueria Pinche Taco Shop,669,4.0
4118Aq9LbkvUr4s719uUkA,Uma Sushi,109,4.5
qebPYEXBp8Zo_d7GY50i2w,Westcoast Poke,170,4.0
uZOaRCd8SO5FudDmqcqq1A,Mr Japanese Curry,34,4.0
eGbIcqCE6C3m3tNhhtCAcA,Solly's Bagelry,241,2.5
9YXD6Tm3uKOc76Qyu1w4Nw,Pokerrito,2,5.0
uN8RKQbslr7qwjNqEFDXfw,Ramen Gojiro,268,3.5
szPJyzsly0a5ZkehLAV1fA,Pokérrito,192,4.0
8O-ieCHwT4AuQD1zTFpQfg,Field & Social,65,4.0
0c96ecE3bOTmgZscx-GAUA,Pholicious,145,4.5
tWjcnCAYZfkkQ1C3J_Zctw,White Spot,79,3.5
ZT_PSXXxqy8FQant8zaDRw,Did's Pizza,48,4.0
7f4AH7Isc9yirRcMQMaaXg,Dae-Ji Cutlet House,61,3.5
-SkNedh2bJHPOcKfoFlTvg,Big Bowl Rice,32,3.5
rF6jLBYZaBmdRj-ubUGVgQ,JJ Bean Coffee Roasters,10,4.5
sRuPQxVVon-EvMz_Nf8HbA,Peaceful Restaurant,123,3.0
Inb4J_ZByAMO8H1-XHR0zA,7-Eleven,9,3.0
2iVOBvqYsdjfjly4iYTswQ,The Railway Stage & Beer Cafe,15,4.0
QMHwiOLZgoEiUHZcSgJuJw,Taxi Café,1,5.0
-nnbiBMMbT5gj4zVnxvyuA,Cathedral Square,2,3.0
XFkhu9HNNx6fx1Iz6aRPeA,L'atelier Patisserie,91,5.0
piwi7Au_17aUKuC2S97Nkg,Zarak By Afghan Kitchen,41,4.5
g2-oFy8JVppe929mjc0ICg,Kranky Cafe,37,4.0
0O5VsHtLkUNbxKaeJKGa-A,Bar Susu,9,4.0
zXNIn6HJ2bnOSj2iTYpQTg,Earnest Ice Cream,368,4.5
K1wzSKFgfYXy9C2nGA0bmw,Fife Bakery,59,4.0
dPO65yVqcXagE8FUbPNruA,Argo Café,82,4.0
t6HuIdPuTn6ywi1cDLmIeg,Glory Juice,42,3.5
C_1QbwlLo-CByZ69ngsWRQ,Manna Sushi,80,2.5
WdywxkSYEc_nw0kqNfRZsg,Steamworks Brewing Company,768,3.5
oiuMkUcxnTdzeUpCNmVzWA,Guu with Otokomae,374,4.0
Oy9MJpvvmvueeCF9XQRKXw,The Poke Guy,203,4.5
C58CusJWfndaAlyAoh6qhg,Rogue Kitchen & Wetbar,390,3.5
wL4J5ytcddYRw_F9GobnlQ,Momo Sushi,218,3.5
HmslQtrdkudv1V01AenkLg,Top of Vancouver Revolving Restaurant,349,3.0
wvaELBqIJercwOK2lgkfDA,Ignite Pizzeria,42,4.0
pITkBUEZVcpxKwF348KAtw,Vegan Pudding,85,4.5
qDwfdcWL588U8mcdQnniNA,Buro Coffee,84,3.5
xjribK3LzpJRV5iqesDmqQ,Gastown,80,4.0
e-SyplM3q-q_4UAxNHLSQA,Russian Spoon,21,4.5
ibM9mR5BAJJxl3d2CgQf2w,Teppan Kitchen,17,3.5
PHCoo-cdQjYBjiaEWlLgtw,Tim Hortons,41,2.5
h86MdHhS67MFkiLPc1QojQ,Bubble Waffle Cafe - Harbour Centre Food Court,6,4.0
JUpffsAel3dvPXwIYP3sZw,Waves Coffee House,37,2.5
XbpaTAMi5G6FAkhsBJMUww,My Toan,20,2.5
na8tiUypoPahO4yLgz3eyg,Casa Blanca Mediterranean Cuisine,2,4.0
xm3KG5VybXVgTjMcstq-Tw,Rice 'N Spice,3,3.5
o88HljnvIhsMdckS9Ivctw,Famous Famiglia Pizzeria,16,2.0
eN9TVzuBb2PFlj-otwulDw,Fatburger,7,2.5
l-tVS6U7SD3PSZGpHlfzkw,Thai Express,12,2.0
PprCN672kFl2iBwKXNqRmw,Ca Phe Vietnamese Coffee House,2,4.5
Qgpw_kunnJLTy03H1x9sRQ,Harbour Sushi,5,2.0
kETXlfFpjGSM1TSgGvIXKg,Little Japan,8,2.5
_xeFOxxlokaK3MoyvlzMYw,Curry Express,2,3.0
LVYaPwt6eiaqvpYfNUMkGQ,Camay Wok,3,1.5
zcK5jbqNkyiTc1pSlqv4cw,Amazing Wok,3,1.5
PPD43r16YAHj9t52EhjPwg,Vana Vietnamese Cuisine,1,2.0
qinu-ulktCf_MfZNkBBh5w,Yule Duel,1,3.0
a7YBnJsJUSg5AnfDM9ZmYg,Japadog,785,4.0
8-l4x9EYK6JAbMycfrDU3Q,JINYA Ramen Bar - Vancouver,392,3.5
3rymK-sN2iuN3R0crSBQVQ,Viet Sub,267,4.0
DudKSeV0CYf3K9ApnihG2A,Paramount Fine Foods,147,3.5
j8Y5g0hGCTeyIKoVtlJHCg,Curry Fusion,45,4.5
r1zXupB1vrDB6WLzBf2FDA,Tractor,78,4.0
QA89npzfKP8-Qd2sGIKfTA,ZAC.ZAC Japanese Curry House,95,4.0
QAmbdy-Cg1GRA-NTSLkcXQ,Memphis Blues BBQ,118,3.5
GwJi5y2V5efOEQSM8UfvcA,Bentoya,28,4.0
nUEEjgDw9pf8onrNMm1h-Q,Kingston Taphouse & Grille,104,3.5
ZhOsv4f2cTw8n3K4BgHAAw,The Chopped Leaf,94,3.0
CnMFaUx_ALosYlhPA5eCHw,Falafel King,34,3.5
RVPQUgAfhtxxLNAhxxdcwA,Nosh,66,3.0
Ds1AMqrUJEoh9Yz0PsWT1w,Starbucks,24,3.5
2F8kxi0_JG8y5jTUSYifYA,Buro,10,4.5
lbOpkv-F4wS4lb8MouP0DA,Aladdin Cafe,72,3.0
mtWaUAXay557IAc5as_HFA,Amante Bakery,6,4.5
-L-Ep4f3ehcYY_e2R9oOiw,Atelier by Chatime,12,3.5
baaRyYSG9yF-vaazmvq0lA,E-Mo Restaurant,15,3.0
gMtungUGzpZ1JtXjIzgLLg,Blenz Coffee,23,3.0
wogsiLj3VX-MhdocJRnpjg,Fable Diner and Bar,3,3.5
GiMJp0bYZtCaKvfy2U91Qw,Kishu Japanese Restaurant,4,2.0
dHp4-O-5zOGQzqEXT2jPOw,Masarang Deli Department of Hmart,1,4.0
CB3shsfZekB7G2VaVfc2Dg,Kishu River,1,3.0
Y8uPPQi89LBiAcKlLNsbww,McGreens Bistro,5,2.0
uv53DOeffUSM0IMawkZqNQ,Cambie Street Bridge,5,4.5
viUq9OyTgOGgcdyuNoey3w,The Garden Strathcona,35,5.0
ia8pxTUrUDta8tmvE348sg,Prototype Coffee,20,5.0
djKcHZcez6Mtxfdk_i-kLw,Liquids And Solids,20,4.0
c5huGd2UwzDEsyaZ3bWm7Q,S2 Cafe House,10,3.5
zIW_FODceS5-f7RmTWLIIw,7 Days Coffee,39,4.5
w6VnEm6RPDGpiR0rLYH02A,McDonald's,16,2.5
RGRrrCyIf1Q3MEzn2XwUhg,AIDS Memorial,1,5.0
31ftseRufszpWLykL6nOrQ,Library Square,200,2.5
XdQafgsosjlMoewEHGQvkg,Acquafarina,8,4.0
hyy-n-EXHJONT10zi7fN7Q,Ursu Korean BBQ Taco,8,2.5
-L9LNEE8myyyuBa6UOihEg,Giovane Caffè,2,3.0
crM1idgY_glhtxXT5kERNg,Kingyo,986,4.5
pdQ4pZ7x9p9lUPY4JgItMw,Zakkushi on Denman,234,4.0
lWnrOBY0qxzv2-6jIyKpNQ,Damso Modern Korean Cuisine,198,4.0
S9qq5lPxLLNdlw8oTdaBDA,MDG Ma Dang Goul,161,3.5
ATcltJPyrq5MmrQFWcUCGg,Ukrainian Village,165,4.0
owulvUKp9gAF6rC-smUhng,True Confections,211,3.0
gRaH6Xnvr0fI7JvjrfUz5Q,Buckstop,140,3.5
E9OK8eZuWYmaAsgqURU9Bw,Donair Town Robson,77,4.5
FTebsTNjJnDZLp8zgaQwqA,ChiMec Fried Chicken & Burger,32,4.5
0PI5VNKnhBZMddN_f351tg,Chung Chun,67,4.5
S99na7fw56EIMoS4WGgG5g,Milano Coffee Roasters,69,3.5
ayccBdB_Pz_9rTb6edbkvA,Izakaya Gon's,60,3.5
TLVNUojVkcFQQf7eGuxQ2Q,Banana Leaf,157,3.5
Tk7ifC6y8w19HFV7bzhR-g,Modern Handi Indian Cuisine,35,4.0
AF4c_vN-Be8K7x4IfYFW7A,The Sauce Pasta Cafe,26,4.0
T3DU9lWIbaOtMuYSrKx_8A,Tango's Meats,21,4.0
qnTcVjistyXnj-AlaftsXg,Khaghan Restaurant,57,3.5
i30z4KTuAdZJH_scFLla1Q,Dan Dan Noodle,18,4.0
LVrgMfMwe0u-BjkBILwKGQ,PHO Q & M,14,4.0
h1vHMq39YhDrxzpwBPelOA,Breka Bakery and Cafe,23,3.5
Elg0UCjUUNJEDuHvtijM_Q,Blenz Coffee,33,3.5
AaCgkBEjSZ2IaFOaEbTDxQ,Safeway,54,2.5
R45Pdbi4rENjlxEFLC3PxA,Breka Bakery & Cafe,6,4.0
HiBZHwpj7LlOk-MMO74cdA,Winter Bear,1,5.0
fnGjBA5bYSBGxGjyjqfXYg,Prospect Point,82,3.5
fFTX_P50tynIS4-5PM_OXA,Prospect Point Tea House,4,3.5
aF8kRMM0ehoqwM82yH6Zvw,Plaisir Sucré,69,4.0
V2MqBu1-l3PNISA2BkvLSw,Napoletana Pizza Cafe & Gelato,58,3.5
jEB1fdlOACZLofxH_Ca2xQ,Gyo Para Gyoza & Ramen Bar,95,4.0
QcDWy_sCDAWdZjnCIJBSzw,Trees Organic Coffee,45,3.5
sB69pz8tOErRkHEU7k44nQ,Z&W Shanghai,22,4.0
ZuK-D7_UOgfPBu39Crpm1w,Coquette,2,5.0
LdPw2PKh8vaARVTRaHwVJg,Subway,1,5.0
5lxhq0nQJ4OThhSAvoAZ6g,Yogi-Yo Korean Restaurant,2,3.5
-65-OqxIBL4qdTN5PA-svw,Mount Pleasant Park,4,5.0
BqOSfSmwWDZzjYzIrBhyNw,Catch 122,520,4.0
IwujNE6nVlstnFFfMzGbKg,Jules French Bistro,225,4.0
zz4WGzntV59HqhefV5zigQ,Moltaqa Moroccan Restaurant,147,4.0
w-WIdtND5jGIiiYoFjhtmg,La Casita,276,3.0
Oix8SM8MDC4MAlY02SLYGg,Save On Meats,343,4.0
WbXySUhibHC0CN-RMVkiSg,The Metropole Community Pub,65,3.5
-RStLKSNyENyOK5_kUEPtg,Prado Cafe,88,4.0
L96IIQu4qmt6ev0j-7FXWQ,Clough Club,95,3.5
ixxYlxQkKVa7ujhxpGCQGg,Boba Run,36,4.5
APDqiTdRp-MfyRs-nhwlRg,JJ Bean Coffee Roasters,50,4.0
r-UGAU1-PsZ6HNZW237O-Q,Salt Tasting Room,501,4.0
jXY6l5SLQjoJgYdB1QamLQ,Noodlebox,56,3.0
UBw-zff1qqCqGxcbbBuBnA,Greta,9,4.0
kHvHSJyoxibIWJdZQGwlaA,The Hart,3,4.5
Pl3eS-erRZGU7U7mqpt3_Q,The GPO Bar,6,4.5
S9zoiaAMM-r_8bo269YE0w,Hiro Japan,35,2.0
ayajm5BQVgBC6C6UrHFaWQ,The Vegetarian Butcher,1,4.0
Z4a5aQ1Z3phEgVAvs7pWvQ,Secret Food Tours Vancouver,1,4.0
dF5qYrLOxp710HOSWhIZ9g,Coo Coo Coffee,140,4.0
0bfwNvbJ58pO3TTkZIcr1A,Nuba in Yaletown,97,4.0
JUbIWP2Ky62dA7JFdgEW3Q,Chancho Tortilleria,84,4.0
U3L-K3CQsQOSETtmTCxiBQ,Noah's Cafe,25,4.5
zLyC3qN0c5Zg-sfb6eZhQw,JJ Bean Coffee Roasters,99,3.5
0N9E1acBabh4u4bZ_tcrBw,Yaletown Gelato,72,4.0
5-6h5lbOmnQpgN54gCR_CQ,Menchie's Frozen Yogurt,18,4.0
rJbPq2B7xVaJW3myVANfRw,Craffles,3,4.0
QEfis06p6udDdabqxjXmCg,Tre Galli Gelato Caffe,5,3.5
ZHbiidBB8LVmh_hQQbRjig,Thai Son Restaurant,104,3.5
qZzyCmBfsnWDxFFSFYaAIA,Dude Chilling Park,11,4.5
AkIFoi1W7tFvomCeaFWw8Q,Guelph Park,3,4.5
t-soDjOlN6XkySHBdhRkKA,Forage,681,4.0
jMz_y_-cWMfiZF7Q5snE6Q,Ramen Danbo,525,4.5
vnKoBdTuh2lsUKASMwQYbA,ChongQing,380,3.5
OpagbGwT8j4ydy0sOVtU8g,Bon Crepe,157,4.5
7Ouec2qlKyXnFrZc1tWIRQ,Bubble World,165,4.0
DmeNxtgASzdsMmWOLeB4Qw,D'oro Gelato e Caffè,175,4.0
R0Oo9LRcrHQmK_a-iFTiMw,Horin Ramen + Sake,130,4.0
fmxsSXv9IlSBshPQqP3LCQ,Joong Won,75,4.0
FkzUkjxk8GmMz16s0ghyzA,Miko Sushi Japanese Restaurant,128,3.5
rXABnJdgOUY_SIqrAZwBqg,Cora Breakfast and Lunch,123,3.5
txxIT2N5F7O2l4Gu2M6DAA,Good Dogs Plant Foods,15,5.0
yXcyMy3-1buA54a415XeGw,A Taste of India Restaurant,81,3.5
oR5H6u8imOodCpEtW-KmoQ,Dae Bak Bon Ga,123,3.0
3dyhY-hBnC8ijKHgSpWdWA,Rice and Noodle,84,3.5
eXtQGDyOYElcAIKcLp1B9w,Stepho's,221,3.0
4OJJ7hM_ZLskwCQX3affNA,Meet Fresh,84,3.5
HNZTQcWZX1Zga7_fTKyaUA,Ole Wings & Tapas,51,3.0
K2lsn89WFOKdkcF82d4LJw,Momo Sushi,117,3.0
lY9eVM4ZezL_1ZQZebkj2w,Little Cafe,6,5.0
UuUCTiAJOvjDiIHELz_spw,The Bunker At The Barclay,4,4.0
w6ZrZga6rCQgaNk5F5Q7HQ,Beside Forage,2,4.5
B6YyCPbktKpy-FQysJotCA,Sharetea,7,2.5
G3xRAjXceBFGjQ-NLaKmTA,Chicko Chicken,3,4.0
NlHqymo3ziBdOTapYzUpPQ,New Asahi Japanese Restaurant,4,2.0
l-nd8Zbp_HUCQeFY_zMRGQ,The Den,1,3.0
GSg5v3ZJxmMPrlAXqat8tA,Le Crocodile Restaurant,418,4.5
g-WSOodoG-L81DFYWM0FMQ,Italian Kitchen,628,3.5
DJplkq9x17wm2V4vIT4brg,Boulevard,266,4.0
QeHqiRcA9C-6zA-j6_YkIQ,Salathai Thai Restaurant,411,3.5
d8Ft7RlTYeR1v4owVyK6Dg,Pacifico Pizzeria & Ristorante,252,3.5
_moR7OXFUl3qDDXaZIhzgg,Chef Hung,18,4.5
vlFmmQDfyIWGeS7nml7J3A,Gerard Lounge,9,3.5
RPvSCH2rpBJ7FVWK8gcNZA,The Ballyhoo Public House,7,3.5
1QjDLdVjgwtiBYR5LK7ibQ,Little Tea House,2,3.5
9vDRiLnA5UGE2DiWOGQmuw,Kinara Indian Cuisine,26,4.0
zknA7-f9PPbBT4FwWK8Ixg,Matchstick Coffee,19,3.5
vB_u-YiLvSmXUpdd_8D1LQ,Le Coq Frit,22,4.5
zCyms78zBGARH6z_IhZQGg,The Liberty Distillery,111,4.5
BMtilzWQheOVprAwNoHSTQ,Off the Tracks Espresso Bar and Bistro,62,3.5
gCDkegnpW-E7xMxpdwXQRg,Pedro's Organic Coffee House,37,3.5
TMJ04QPJx-xf-UtpUk-AMQ,Granville Island Water Park,3,5.0
K3cBzqm55Lvr2_58US5IFw,VR Funtastic World,5,4.5
X6JLoqZtGWsl7SlhTU0Vhw,Beanstalk Bistro,5,3.5
VmAffd4s9Nz5rPJf1FIaCA,Ocean Art Works,1,5.0
a8Vh-omEM8nePkwpqRRCxQ,Circuit Circus,3,2.5
QICqmih79q_lHJQXa00z-g,My Island Café,1,4.0
CX-NLp9SM3V2ooO9RIOhYg,Yolks,430,4.0
vwoK7qiP3NLMTPUL5BFQVA,Earnest Ice Cream,32,4.5
pXmP7esFgo4nGTC5H2cwZw,Timbertrain Coffee Roasters,11,3.5
g5e7KBn26r3cwMx-CvdoHg,Sneaky Pete's Pool Cafe,3,4.5
juVXvXHmlBpm9WAnpzHh2g,Starbucks,6,3.0
7tG5HXPSwk98q0Cc_ICicQ,Uva Wine & Cocktail Bar,201,4.0
_-8ejJfWv0xttOgqU8a0NA,Homer St. Cafe and Bar,335,3.5
s_Wc0w6NA4KzRwEG27SL5Q,Per Se Social Corner,225,3.5
E07HAZDr5pQW9r_T-h1Qcw,Cibo Trattoria,132,3.5
vdQbDQHPq_nA30ngxEgMJg,Tutto,45,4.5
Yqp6VvqXT-1n1uIog0TiSQ,Red Card Sports Bar + Eatery,112,3.0
9hyOOymRqYGl_vy8v6B7gg,Holy Perogy,22,4.0
-fHqwIU4S-uD9O-ouzhE_A,Rainbow Park,2,5.0
ICte3-u47WK1aIgrkVUOdw,Kafka's Coffee & Tea,8,3.0
bFQBBVUNF3wY6e4RMysDxw,Rotery Beach Park,1,3.0
ZNHVXE4a4XoodTVdKYSyFw,Hollywood North,3,2.5
vZkovAEB5N5l1ZtS6aVDnA,Breka Bakery & Cafe,313,4.0
0BvstbA_zaIfe6fwtMm-Ow,CinCin Ristorante + Bar,405,4.0
VZGdyz_NTAouzOqRT9QD_g,Ebisu On Robson,265,3.5
BUFt4lRzuOWUmqHBtv7AmQ,Zefferelli's,463,4.0
RckRmOcX7OtMUDC40Cz3lg,Hello Nori,137,4.5
hCkEzE5_7i99LwUSVZyeWA,Castella Cheesecake,95,4.0
wQ7r2WAw0gV-NzbIJKTblw,Earls Kitchen + Bar,196,4.0
9cxr2MmECuFfXuNfLNagtA,Jenjudan,37,4.5
YEPF7m0OMQaG9Y6tSNu5Eg,Machi Machi,40,4.0
dIQLG3NKXUtJ6n95ngnnpw,Happy Lemon,65,3.5
uBCR1k9n7QNpH-lBRD4fDw,JJ Bean Coffee Roasters,109,4.0
OHMv-_cc0kmRCWV3kM44Bg,Kosoo,65,4.5
0RizLRPuPeUnCOWu94AAyQ,ABODE Restaurant & Coffee Bar,84,3.5
1__7JnVbXznFR35sTFTdBw,"Paul Bakery, Cafe & Restaurant",89,3.0
ybl1sY4Iw1UPLkRZEkA_jg,Blenz Coffee,37,3.5
9UbSRTD_Ly2AlJ1hjEt4TA,Uncle Tetsu's Japanese Cheesecake,19,4.0
qqyVAosX5mQ7OZl5JlCkjA,Jang Mo Jib,18,3.0
7Pk78kX4zdAJoSe-sKRSTw,Feng Cha,17,3.5
C0XAvTu4lc0Yl2kz3RjVkg,Blackball,5,4.0
wkYKsZ138ibaChNqCP3nzQ,Shenanigans,42,2.5
sTY3enqxs5xdmW66ddoBpA,Blackball Robson,4,3.5
REMnOqLE8q2Lvk3z6AtBPw,Freshslice Pizza,3,4.0
oLoO76fZnnci-TOj9xWF1A,España Restaurant,241,4.0
lkesp7bQlPaaANqGlTS1PA,Legendary Noodle House,226,3.5
KzyJgXCdDssMgCFjO-zVQA,3 Quarters Full,92,3.5
tzJJt5AQjenw-VbUrEnfxw,Ofra’s Kitchen,34,4.5
5TkywhSsAbrrLIVNzZQasQ,Nat's New York Pizzeria,91,3.5
MOqk2d0VeccHK0lIFK6IFg,D'oro Gelato e Caffè,42,4.0
nFxhMiWh2JRfaWW79aj66A,Café Portrait,35,4.5
IXo1IVxa_ACLn6UhK2bjsQ,Akira Sushi,93,3.5
g6F_Mdi63zQM5QBVygmJmg,Frying Pan,21,4.5
gBQymRxldIfwI4Iq0oJgEg,Olympia Restaurant,140,3.5
Tn3oDa6GneVCxky2qvVrXQ,Falafel King Restaurant,52,3.5
Njt9q1ohZTBXzO-C7fGb5w,Zeitoon Restaurant,137,3.0
xwd7Nkbuc3zzTpnFuKtU6A,Gillaneh Grill House,41,3.0
5rbWt4GTy0SXA6H5-s1QVQ,Sushi Aboard,27,3.5
CkjGmBJ--cOsQkC7_YIFsA,Big Bang Sushi,12,4.5
smHdOf6ISN9SUJAC_zPKEA,Rio Brazilian Steakhouse,189,2.5
kNMvrXozJoxLI2RUGFLP3w,Thios,12,4.0
H775-UYXAOmCv5yTPD9BmQ,7-Eleven,9,3.0
9Nt6ptzM3Y2hc1t_l0_y3g,Ben Gong's Tea,5,3.5
POgP2QiqScF-oOMHSz7sww,Chef Ron,2,5.0
hEUee1BgREGJylWrBx-yyw,Burger King,33,1.5
dTpWAhmNJl6JXgMNCr2_QA,Pho 555 Vietnamese Restaurant,4,4.5
7GgQIkWJTD9B7LXdFQlp3Q,Tampopo Gardens,1,4.0
nSTLbX9ohf5kiTJjjXlkVA,The Frying Pan,1,3.0
tMIfqLxbxmu66RMzxkX8JA,余香 J&P Kitchen Asian Restaurant,2,3.0
x-a-ZN6HZtYTZOcpKzH4YA,Old Hastings Mill Store Museum,3,4.5
xKqibVPjUXwB6IFZArkB0Q,Hastings Mill Park,1,5.0
zs0S_2_nNqld_pfcEVnINw,Kiku Sushi,14,3.5
upNffrDjq_VNFd7pk8RmAg,Casa Dolce Coal Harbour,19,2.5
83XN8Vxi8wr1NoBzvVMtRw,Blue Edge Cafe,18,2.0
OULhS4WGI_mh5gRGLZBySg,Temaki Sushi,158,4.0
HhJyqNI0VOge4euARmlN7A,Yagoto Sushi Dining,76,4.5
l14TILhWRFE3XeyrhK0H6w,Evelyn's Coffee Shop,41,4.5
tUh4NuINdnkbVF16iPc2wQ,Livni Café & Bakery,3,5.0
A8bJPPaY0n1g3hrWxY_ljQ,Woodvillage Cafe,1,3.0
zkib99WfL5VCu7Za5hG6Fw,Pho Japolo,63,4.0
SEtBtlzK2NYZ2g2quBjMKQ,Kung Fu Tea ,16,4.0
3Gr0u8jsJ9Z7Wo9EaAg45g,COBS Bread,15,3.5
JATtfMT3scC00BGij7FxUg,Starbucks,4,4.0
Pts_VJ25Jxj2E7gcD2nqQA,Quesada Burritos and Tacos,8,3.5
U5qYTzxrA2uhKLtD-3PX5g,Neverland Tea Salon,225,4.0
9R4vBq3BUYom9geOTiFs0w,East Is East,287,4.0
C_ApTM9kMvNfIzOy__jksQ,Nuba in Kitsilano,162,3.5
yax1nLC668lb99_zI8Jqsw,Mamalee Malaysian Delight,172,3.5
LiikkUm1Xh7zeC8PiWRvpQ,Kitstaya Sushi,85,3.0
-vI6bprXacH0vNlUp54dMw,Notte's Bon Ton Pastry,61,3.5
YUfcu295UuWFJqdUFOx-yA,The Fringe Café,33,3.5
g3Yh8008THTOCaNHuZqt3Q,Subway,4,4.5
M1kP4u3OmtUEW_9ob8ZH7A,Tim Hortons,19,2.5
xfK9_bAM8JXiYMAV_yXKFQ,Koi Ramen & Eatery,13,3.0
2SQpPcjdPfEvUJGS5I4PLg,Starbucks,1,5.0
lKI0vXhTBOBtE4B5JeBHyQ,Just Another Coffee Shop,1,1.0
FeaZ-lTTmi1dKTLC5aFt9w,Taste of Thai,79,4.0
s-bZz-wTCvLwlDW-T3nT5A,The Wolf & Hound,93,3.5
jUEU9Xp1Db4ppPKBxAKIBw,Caffe W,38,4.5
aaBoK-JHQKN_8H69XzpvEQ,Handi Grill,74,3.5
0GcsMb8Td3DkrbfkpXPwAQ,Itosugi Kappo Cuisine,6,4.5
P49OBTh-N2r_cKb596v6Mg,Broadway Pizzasnak,1,2.0
OHdcby7tM50qyOOcV9nrvA,Jamjar - Folk Lebanese Food,252,4.0
t9g6KKmAl0dgsftMxGpXPA,B House,17,4.5
vLnt37_PWcAiTvw-SJIJMQ,Loku Japanese Cuisine,23,3.5
9ltXAbwXKZa7FECq9tdGgg,Juno Provisions,7,4.0
4sJgeCWPtd9Hx1OcXXmX_w,Joon's Kitchen,56,4.0
_4R46MNkwx9MeOyt0YfNxA,Chambar,1498,4.0
LjdbthVdtLYKSi7iVAFl0g,Jam Cafe on Beatty,1269,4.5
K7c5urKrmZ5CZeldngwzig,Devil's Elbow Ale & Smoke House,188,3.5
cLGh_q9jWTpp53tsj29S-w,The Dirty Apron Delicatessen,67,4.5
U9JJQA50QgLOloqZpmtxOA,Fatburger,56,3.0
EmzNcDaS92RDkmZog91gYw,Waves Coffee,1,3.0
YfD85gS2NN62rTvFfkuSrg,YoYo's Yogurt,3,3.0
TBWsEHR7Bt5qGB2dee_5KA,JOS,41,4.5
QVz-0evZ4dAbcKESDcTcNw,Urban Fare,116,3.5
GlYICUHh-vsbdBsdjnRwMg,Harbour Green Park,14,4.5
3IxvxZAETdX_eLALwjdfQA,P2b Bistro & Bar,81,3.5
mSFD_o9SQB7dxxZJto9i_Q,TAPshack - Coal Harbour,43,3.5
6Q_GJq4hN3hecTRnMgXA0A,7-Eleven,5,3.5
T4RihRUHcZ6Q5Y6i1NmWxw,Johnny's Pizza Factory,2,3.0
Rg1i1hva8bW9KaP_xDdEXA,Bistro Olé,1,5.0
sc5jemg-0LMDmYV8tTBFqg,Uno Gelato,31,4.5
x63Njqk1QbKT3_QawD4IIQ,Sunshine Diner,144,3.5
EvVCF3mompCg3PPkpqip2A,Mr. Red Cafe,114,4.0
XgOcemy8NPoxwi4LBOrqfw,Nat's New York Pizzeria,119,3.5
LfA9OPsOhDKU-BMJ9fLyog,Folke Restaurant,6,5.0
tpbj_b1MWaLd8cVjJl5u-w,DQ Grill & Chill Restaurant,22,3.0
77sOC9lw_YMSASa5VyIOUA,Rain or Shine Ice Cream,233,4.5
OP17414UHaTkup2NAhGDwg,Lemonade Gluten Free Bakery,127,4.5
Mk2ljhV456oyb_dhZ7o1Zw,Xing Fu Tang Canada,149,3.5
RDm50mfPdFJ1Ob2i0fMbcg,Viet House,68,4.0
n1xMU0r3fNWozj6vYNEnqQ,Hot Cha Cafe,42,4.5
eHvdupgV0L5sLb4bux6HNw,Pho Xe Lua 24,109,3.5
fwFhsjAZ8mYZZcGuP-yEUA,Potluck Hawker Eatery,75,3.5
0xUvtmdisE_Ab3yTe54xYw,Café Gloucester,142,3.5
LBkrc7yHYKV3yNCojGb-Ww,Las Tortas,102,3.5
z7BKhi0pSm1ttiwdZjg7XQ,Sushi 7,61,4.0
AdF53ieB7N6C1WpNTZAsZg,JJ Bean Coffee Roasters,38,4.0
GXHBkShRgr0X1gKU3p5dFg,New Town Bakery & Restaurant,36,3.5
n0CopEZfuJcmxLJO46LdBg,Monsoon Indian Restaurant,14,4.0
vJmK7E0BILt0G6xtIdQNsw,Paragon Tea Room,8,4.5
V9SDw_bLLCMKvgouqGq6-w,Tokyo John,24,3.5
zeP-jy2XxSotrjOBKc6Ajw,Baghven Uyghur Cuisine,6,4.0
FdAzDvH3lVmZHE21iE6Yfg,Flying Wedge Pizza,25,2.5
EuXzlLx4fIej3sQXRcc8ow,Starbucks,16,2.5
W5kx_Jn5IoQi2PlO_hrsxg,Ben Gong’s Tea,6,3.0
JqHqj8PBq1CcufPWOtuAbg,Deccan Chilli's,1,2.0
FmD4x9ClmSzSLKOTV7jfXw,Hitoe Sushi Japanese Restaurant,174,4.0
7bkFLZH97d8Hs_e5W9eQRw,Corner Cup,23,4.0
Lnv8SNIQgnoZ-FzLzf19Og,Castaway Bar and Kitchen,17,3.0
P8VnAyKvgChW7KW77Tzj6Q,McBride Park,2,4.0
yoCA7b04Q_f_HQX__EDchA,Heather Park,2,4.5
-FpRgakkwMrnU8pOmDFRFQ,Volunteer Park,2,4.5
5-adl2zPRMgammVOoz5WEg,Published On Main,69,4.5
z8fxGikgDmNaDT-RKp4CTA,Liberty Bakery,83,3.5
aQHQh6UmIbL_73KxZ7cZeQ,Paper Cone Desserts,9,4.5
2sN6gCCslZrPo5-C7HZ90A,Foglifter Coffee Roasters,13,4.0
TRYXC-fnNuWe41w-7xVLew,Sushi Main,25,3.5
VUWW2_52d567vne5hy1hng,Hayan Mug,12,4.0
OGlfpaWoE4UnPyDuRCbjIg,Pittie Coffee,7,4.5
as2xQt48ltKKDUQbMCBrMw,Shizen Ya,575,4.0
sGqCaAqgYbUWK8C4sjFBTw,Gyu-Kaku Japanese BBQ,378,4.0
OjVRMDAvq93MOmPCd23uCA,Honolulu Coffee,141,4.5
PPAT6YnBJaJ0B3TpaPN-VQ,Haraheri,259,3.5
yQ0MVb_ffIp5xIb6L5LzKw,The Alley,91,3.5
k3C_bH4vPWQxrPifO2kWfA,Pokerrito,53,4.0
O7yK196WXqGBOxK8KNgVwg,One Saigon,78,3.5
DBaxxVNg13ng0_MfosTMJw,Earls Kitchen + Bar,269,3.5
Tty7XQtzwMMIOp9YuWUABg,Relish Gastropub and Bar,96,3.5
b_SLh0Zh1qT4ovvPbYr4hA,Trish Juice,9,4.5
_aGG6e3dWYrKyFNpdK_vpA,Sushi Maki Japanese Cuisine,40,3.0
gkxU0426hMLNuW5l7a0G9w,Tim Hortons,40,3.0
n3q30JsRN3JeqfbPSaLDfQ,Pallet Coffee Roasters,22,4.0
0_2GeXhNjcOcph_hiINZ6w,Railtown Cafe,29,3.0
2q7Fb9nTWK77vkRC9m_Hgg,Law Courts Inn Restaurant,10,3.5
zv6KheIdkR3T9qL6mSHohQ,Veresk Donair Hut,1,2.0
Y8ZoL5K2yHyUVHYpYKao9w,Tim Horton,25,2.5
dN_NUGjCjAoEhJOWg9ivTQ,Jericho Beach,26,4.5
PzB-695W-NwF7_Ama9WT3g,Brock House Restaurant,32,3.0
kDZTaeUaf78Jd25ktX8a8g,Number e food,135,5.0
v1SXL8kxvZ31HABeHvtgzA,Sushi Coen,134,4.0
lQuQy5a4wk0WL7WpP2hwyQ,Maxine's Cafe & Bar,51,4.5
HJNwJpfspIhfvqtr4cYE2g,Caffe Mira,15,5.0
SzQ0eGVXc2DAqw0n5r20nw,Osaka Sushi,63,4.0
DX6eXd2OUqGMkVQQBr0EWQ,Maple Leaf Delicatessen,24,4.0
cHFBCk7HpN8z9HooaqlhTQ,Daikichi Sushi,84,3.0
LXKmlreS29hE5MB1nSVXPQ,Yet’s Cafe,15,3.5
nwIt2awrSiMhNRVjoQyL3w,Naru,8,3.0
dpbT98-hJTgIC40yhtyPpw,JJ Bean Coffee Roasters,38,4.5
jyU8_T2QNmaBRdjaMpXGDA,Nook,59,4.0
QCJO27ln2mR_kJQr6P3c0g,The Press Room,9,4.0
6UJ_xG9cR5SWBTKsOqfHeA,Bites of Delight,1,5.0
fLvQVaTzxvchHQq9PMmQTQ,Nautika sculpture,1,5.0
rhkj-58IoZ9p_CvYS3NbOQ,La Catrina Tacos,114,4.5
7MTK1nzefMtcsz8eM2XYdg,Cactus Club Cafe,309,3.5
-kPDlMIs5DBkQgxWaWvvBQ,The Bayside Lounge,104,3.5
xhDQ6kdJWnsxmfaGs1nYcA,The Three Brits Public House,99,3.5
gVnMnxlnb9cVPWJCLEnumg,Hook Seabar,108,3.5
h4hJ1xxFmMPjhNpuPoFQNw,Won More Szechuan Cuisine,71,4.0
wO5ja_RW3Ay9pB3NncbVpQ,Beeryani Indian Bistro & Bar,25,4.5
xLKE3mpDl310Vag2P72XIw,Babylon Café,102,3.5
pFBYJpcV8f72MOsL7G4M4A,Marble Slab Creamery,84,3.5
KngyixLZ8Zj1jarr-Kv5fw,Papi's Seafood and Oyster Bar,48,3.5
-MpINBxBi1yuLFVzniJFxw,Vonns,25,4.5
6ELhQh_Ha7RHOWBi0XvaXQ,The Park Pub,62,3.5
EGZABxCmlA3PNwbSYXhLbA,Morton Park,13,4.5
-lY3lB_-zDY5EKo0WW1dVA,Starbucks,31,3.5
7bKQ2Cu5eyR9pAE_b41l9A,CRAFT Beer Market,29,4.0
xShqhti6TQo5kxWs2fszJQ,Mediterranean Grill,117,2.5
rGjgks0My54TLG5_L5usSA,Shamrock Alley,31,3.0
LGefMpjeO1CRO24hQDvFlw,Alberta All Beef Hot Dog Cart,10,4.0
hp3hh2HRdjWs7ui2UKoigA,Chicken World,10,4.0
-SVK-4Pzu-GWWLcbumVUGQ,Lobster Foods,9,3.0
1gL7iPGEirkbMLjCfqVBqw,The Loft,13,2.5
9XV_DN6MFTi6jQ6GRQZ9Pw,A-maze-ing Laughter,1,5.0
O-BszuZ4AD20e32hnaQ9QQ,Freshslice Pizza,2,5.0
xLhl95lzE9ycopfQGb1akw,The Cake Club Vancouver,1,5.0
bVaSkvDCT_06Gr_6FErR1g,Engelsea Pizza & Cafe',4,2.0
kgxIpC_Itwg_cLlUhUB8wQ,Babylon Restaurant and Bar,1,5.0
LhyVEDIcgOzesoHY1E_mJA,Donair Spot,1,1.0
Ioo3FfjgrfUD1ofm9dS9tQ,Sylvia's Restaurant and Lounge,87,3.0
pJge_LJ3NV8iQtrERe6AyQ,Indian Roti Kitchen,153,4.5
i7ybVsoTF1L_Dh8TmJokQQ,Sharetea,44,4.0
Zi8Ywk36Ws_4zjw2gjMMFA,iDen & Quan Ju De Beijing Duck House,60,3.5
KN9zCrgwHj_iWQGEf3Vzyw,Tropika On Cambie,169,3.0
rZNgrcmNQWqxS54FiNvxJw,The Golden Horn Turkish Bakery & Cafe,7,5.0
ovjumOkIMjG36JGdhdTNUA,New Sun Restaurant,26,3.5
pQsTrwmMl9qRlXaJ9_RCzw,Hot Delivery Chinese Food,51,2.5
lI_MtIincsGqUGMmvzEZRw,V Yaletown,6,3.5
E1W37ovBz6IVo5SEHVfD0g,Peaked Pies,190,4.5
cH37SRKLy26PvjViLkO-Bg,Cafe Phin and Pho,143,4.0
vOzWw7aykvQY1HpD7RwTVQ,MITbit,12,4.5
_mdM049YVXh1Fuhr4aFNuA,The Basic,66,3.5
AMFubtiJVDWG6uOT2fWVEA,Ong Ba,9,4.0
h5ols5d6PMFVxiRp-_Dg8w,Panago Pizza,19,3.0
VTlIxJgdDEcD-LbAt0ceZA,Tim Hortons,21,1.5
bRupNgXLrQPHkaFzmRop-w,A&W,4,3.5
iafE2JEpZ_ipd89tlk1MTA,Tableau Bar Bistro,251,4.0
WiAyM-mANK9NajRzbFerQw,Green Leaf Salad Bar,74,4.5
uZGQy70xpYkUzQxTpKoXaA,Yui Japanese Bistro,123,4.0
gYAHIORi93aXqYmjpexkWA,Melville Cafe,36,4.5
JSyZ923gqxPUXmKnJ8NOKw,Domo Sushi,85,3.5
Fx-giT_q_5JVhq8Ytoi35A,Sushi Go,64,2.5
iNq47BcpcCTOSh9s0nbONw,Bonus Bakery,15,4.5
G0AhQcShT2j0jAxnif76VQ,Starbucks,15,3.0
jH5-I1Mcyp7c-V36X8Ofbw,Freshii,42,3.0
rups8UCrLOGJz5EIWnwC8Q,Juan de Fuca Coffee Co,9,4.0
xm5NhlM4lJ8i2WWOUKumgg,Mercury Rising,2,4.5
F1-opBDlPlAOIANNsJkHSg,A&W,7,2.5
42-yCTO4gFzU6y1VrJ_eyA,Time Out Cafe,8,1.5
02cGvRTfVXeHWYkoiyj6wA,Kita No Donburi,134,3.5
10Nm1R0CTRNvpz3cQE4WJw,Japadog,23,4.0
sTBkQcgxwzJCxYLErBct2A,Stock and Supply,17,4.0
shP13YfLqM45sMC3_htU-w,Hellcrust Pizza,5,4.5
8PGnQpPa-LeX8Fjn6I-a3A,Sendai Sushi,14,2.5
cTqWJrOKdYOAUqGGaOQ3VA,Prado Hastings,2,4.5
JUxwg8u6MQZsQiDfkFrPPw,Starbucks,9,2.5
Sg4sTlB1zvn7lNFTFfzyaw,Teaever Bubble Tea,7,3.0
JpdipC3unJV6SOL96o2EyQ,Subway,2,3.5
w4akEdaAoTT-bIgStOqeng,Burgoo Bistro,156,4.0
dplKdpONowTjlPZvq0wSRw,Elysian Coffee,59,4.0
4Jy91qPZMh5mwDDlI_k5Rw,Tokyo Joe's,37,3.5
WAoOGyNniFmpksKjPysagQ,Fat Mao Noodles,8,4.5
E7rCbN5nny2E3qSQkGbFag,Starbucks,6,4.5
gqlCIx_XkewX9CXItg1wJA,Cafe One,19,3.5
YAODi86ea8xXWeZ-ML-vJQ,MrBeast Burger,10,3.0
ryW0Nz3AQgNCnOMoj1JfMQ,BC Garden Sausage,1,5.0
jOPBrFDbC6-uFZqsudt8HA,Subway,3,3.5
7IEri8uI2BYJrV5ID5ra_A,Bean's Cafe,1,3.0
athsEE80NL2TcTrxyZsAqw,Another Wing by DJ Khalid,2,1.0
0VWql1cRl5RO05AqhwFSFA,Nectar's Coffee Shop,2,4.0
f5MgJWPI7iV6SPncUBKXdQ,City Of Vancouver,4,4.0
gWf9MawvbDDWRMF95TlZ6A,The Biltmore Cabaret,95,4.0
uTCdHnKNyhD0QMf1h4jWoA,12 Kings Pub,38,3.5
n_jcZ9i-HIqFXHGd5he9jw,De Dutch,38,2.5
aS8ySRoMXYubG-DxPFykIg,Starbucks,13,3.0
agMh6QkfpjAxmu0O5fnNPQ,Linh Cafe,274,4.0
6ZD2y9d1LDAhgONyd2Dyrw,Ça Marche Creperie,16,4.0
4hKyTzjEIJIMgkQvm60n0g,Autostrada,9,3.5
d7-MqHAYRjMDIdbARrdEpw,Spinning Chandelier by Rodney Graham,2,5.0
q3reTj4jxslkpffupk5R0w,Bufala,146,3.5
XU4Dm67c8Niqu_fJ7eu5Jg,White Spot Kerrisdale,48,2.5
RUOzhNmllwLI1M0TzXpcTg,Sushi time,7,4.5
pb6n2j0VW-dRU6e5WyMpLQ,Riley Park,5,4.0
lB2_5DHSkc03pZAlLRDctg,Riley Park Community Centre,2,4.0
NBiBIk83cYjWnFS8QTJWyg,Kaide Sushi,235,4.5
Sp3YsEpiW46vpLky8xL2fQ,Matchstick Coffee,35,3.5
TVs90sBGB5xD6cTs9zwSxQ,"""Finger Paint"" art mural",1,5.0
23kN4XJq0TtubaPyqTMmMA,Tacofino Commissary,307,4.0
Yrn-MX9VCxEIglXobLtYaQ,Sushi Nanaimo,287,3.5
nq5Ms7rb6fVAnq6zm6tIAQ,Bai Bua Thai Cuisine,130,4.0
4ZReIUb4OypQfuFI-5Uqxg,Platform 7,108,4.0
HEX1rB4P4xs5i-rJ3r-2bw,East Cafe,42,4.0
fjfwAlv18YdW_XFtP1kGSA,Dachi,31,4.0
HIR6i9GjFr1afuP9z1NL3Q,Miyako Sushi,48,2.5
tjPIa6NJy9fVhBRMEiG3qA,Pandora Park,2,4.0
xQSs8lTPgsNBpNgXhV2Dmw,Domino's Pizza,10,2.5
U9C8zUO-MvMQBFGG0Fcafw,Subway,32,1.5
EwnizZggD7z0lX5pny_kug,Landmark Hotpot House,117,4.0
JWJpNkLAqbYzKEP1aj5weA,Tonton Sushi,65,4.0
12fHonfwOK7tecqgPYXHhg,Corner 23,130,3.0
GufvKqLltzYHW7zd_dLWgw,Tim Hortons,10,1.0
iid0VenH7rIp3AWuyQAAHw,Saku,289,4.5
rcLuoOWx3QHVRmGtrPt38A,Sura Korean Cuisine,415,4.0
FLRlO4S-ei3jRZKIEjiqGw,Kosoo Restaurant,165,3.5
nv0p0Zq3abEU1AttwkuEMQ,Nine Dumplings,31,4.5
J8ZMZEx42rXa9cmgNkpEdQ,Nam San,20,4.5
QVlOhxYB33MNHKtNPet9fw,Zabu Chicken,227,3.0
dGLqM7wwyytzlkvdMEAMlA,Tabom,86,3.5
vWJIpXo8Gyh2Elco_XlfIw,Liuyishou Hotpot,79,3.5
KocpNuvzFZN9ydjM2sP7pw,theKhaykery,14,4.5
DAvLtqzuCFGtY02zR7OIwQ,Viet Sub,62,4.0
eOw3NXSHUeQTE7I6IrI5NA,Soondae Town,9,4.5
VWp6kjkuOV_GY8TELK3B9g,Pho 37,11,4.5
8mdGNEnMJMQqV8LcMpC1Vw,BookKyung Ban Jeoum Korean,47,3.0
q00k1LrR-Phxc-bPAzJiow,Ray Wong Insurance,13,4.0
MWnFXJDmphz8IFakVu1SQA,Chewgurt Yummy,27,4.0
B2OCwi8B_q5J0Pyz9GbXAw,Hongdae Pocha Korean BBQ,34,3.0
kW9yN02quzA6PjfnnzkcIg,Nukid Cafe,24,3.5
d1MH8yw2LqFR3-xCK7bBdA,Sajetarian,7,4.5
85O7eAEMQ_NEcC5qjIFFew,Al-Hadbah Donair,7,4.5
yi6hkPeaSu_G0J1JRFbJSw,Sulbing Cafe,9,3.0
9anKUYX_Uv47GO1vedn6_Q,Pokerrito,6,4.0
lP9guY_wuEp6GX2h7MhxeA,Michi Craft Kitchen,10,3.5
isAmEovv7eg0JhIcUQ3zNg,Market Veranda,3,3.5
CVNkE8VkQoe6UC6eaDrnfQ,Blenz Coffee,7,2.5
IJICAjCzG2XT9QZaGjaJXw,Red Flame 赤焱 Teppan + Hot Pot,2,3.5
3m9xLM-fPPpOm7eSawj3PQ,Commercial Street Cafe,70,3.5
7ZMz5j3oJMIkG9BTGj1J0Q,Collective Goods Bistro & Grocer,7,3.5
kbP0suLHEgeHSUtYtqhGng,Maxim's Bakery,1,5.0
MczQsDyO6htU-KW8sCbqQA,Giardino,121,4.0
6PFzidqH3oSNK5eXOHNBIQ,Sombreros Mexican Products & Taqueria,30,4.0
EDL7QoKosndp89SjjG01WA,7-Eleven,12,3.5
-JmmzX_t8XByqeHpIr4mpw,Starbucks,5,3.5
knF9zq8FM6ewSzbw8xnTQA,Freshii,4,3.5
l8TYmClsb2qIMowUTtasww,Starbucks,1,3.0
hMSimGVV-DmG913oWbsE1Q,Crepes and Lemonade Stand,1,1.0
n4y_jKEQLIQeDjHge9uJvw,Pourhouse Restaurant,531,4.0
MWerlIaV9pIcFpWsrtC-cg,Black Frog Eatery,203,4.0
MTrkGD8e4LRxTpUiYek9aQ,Timbertrain Coffee Roasters - Gastown,234,4.5
iq34B4GAuhYrb9FS1hI8wA,Water Street Cafe,291,3.5
akINFa7gj4J3Yoa4rL82MQ,Al Porto,235,3.5
LlMlSGRP03yTIeor0FMtHQ,Gastown Steam Clock,137,3.5
ZkOBQWkcd_BjfozrKLDBSw,Silvestre Deli & Bistro,56,4.0
FfS4puntZmGp3Emi09wZcw,Bambo Café,100,4.0
Nf9fdpTD3bTfbXOp54FqSQ,The Poke Shop,75,3.5
rj3TpRARdIrKXEfT5Co_HA,Cafe Kitsune,23,3.5
Wf0nLJJTAUKQ3QByAdblbQ,Starbucks,15,3.5
Opu9W5iFWE-NoOc4CTqQ7A,Bēkon Loft + Lounge,4,4.0
KE3WX9JgwDZeagGTtrBMPg,Poke N’ Roll,1,5.0
sUxHZhLvTrLE4eoewdv-ug,Pizzeria Ludica,178,4.0
7QxNOgk7pezCzruH8jL45w,Einstein Wrap House,62,4.5
7Y9dgVNnW6gxeEkdK-gzgg,Papparoti,33,4.5
cq_L0RPXHZ2MjPEkWLRDCQ,Sushi Den,162,3.0
zLQ9EQ8qAhEfXDc-2AieVQ,Catfe,99,3.5
Ebu8VPDeehcRbxzaDN5fDg,Charisma Cafe & Dessert House,43,4.0
ecN9xzc80xkm9XOFNCUDmw,Tokyo In April,30,4.0
R8A5hjAtOhGzEf1KBA6xyA,Shiny Tea,53,4.0
HPlmnxDbynrBSMqfPWGvVA,Hoduya,10,4.5
ceuAnWfWCUDm44cabSphGQ,Blenz Coffee,31,3.0
yd7wbd4MaiUVoxeU_-XYjw,Blenz Coffee,35,2.5
IyN8vVGNV7SZ6fulQ7O5LA,Uncle Fatih’s Pizza,53,3.0
LRGDX7adkuh9JMM2vufYvw,Wabukuro,7,4.5
pTb_47lRXCUVlHvQiv1ClA,Qieu Café,41,2.5
ctiwRYVCcqoaInSfBm-KZg,Starbucks,32,2.5
MVaobM7jW9teT4YjtXY51Q,Freshslice Pizza,16,3.5
YyFoVGDV6h8XsdFj8P_-NQ,Kanzo,22,3.0
a-il0_PVG8GhvnbDaq8wfQ,Torimaru Ramen,9,4.0
PZaVQ13jgQOfYAku7ncULQ,Eggmon,8,4.0
0G07rSEBomrEdM0PtICcLw,Little Bangkok Thai Kitchen 2,3,4.5
taN9CWblfhztCM0SSjn8XQ,Giant Panda Szechuan Cuisine,13,3.0
6oMFCO9vgcM9Pa8x7DBqqA,Kentizen Fusion Lounge,18,2.5
ZIVzL7wFwvKM1hrTrWZknw,Q Vietnamese Cafe,10,2.5
fWqyOZ-uWxkxE_C80B26-Q,Starbucks,3,3.5
i0UjPGLnouLf-syH9UFJAw,TINA Vietnamese,3,4.0
QnI-EL9L0sUlKZmncLKE3Q,Subway,7,2.5
g2jyeE9Yf-iU77cK22yESw,Chào Street Food,6,3.0
aMqYegZn2hZqVQJMe0TF3w,Koi Poke + Etc,4,2.5
jxrFP0-IYSaamgD1tB2nMQ,Glorious Bao,3,3.0
LnBucobGyUdbjY18EMrwZw,Ryo Japan,1,4.0
bTfyjtrL8pfgdPdX_HQ6AQ,Royal House Sushi,2,3.5
ROKMHJe5ofSjNWUqmH-8GA,Koya Japanese Restaurant,1,1.0
vGyDxnk9P975Rwrs05cdVw,City of Vancouver,10,4.5
2NqxkKYTwVLL8HjJi-5eOg,Vancouver City Hall,25,3.5
NBm-y1Jv-sV5TeDmOWDP_A,Kyu Grill,13,4.0
Re-2I3yKFIMvfD14fuL_Ag,BMO Vancouver Marathon,17,3.5
llF189b_pwk0h4pvnP4q-g,La Taqueria Food Truck,7,4.5
dh-h2jbsa2ElN5Db0vfotQ,On the Grind - Pedalling Epic Coffee,4,5.0
BV96Yfp6JY9edxYfh6KYrA,Utility box art,3,4.5
bejZFTZusWxVngrsk4RE0Q,Old Country Pierogi,7,3.5
qNTpFr9eBoAmwEi0OuCRQw,Sugar Cookies & Confections,2,5.0
09lWhYqfb-ub7_0apDixnA,Cheyenne Coffee,1,5.0
REyYJC3G8rRlNM0z3XJ7Zw,In the Oven,1,5.0
KZCG_rFrSixuGCmQWhghOQ,Chili Tank,1,5.0
gP6UmMKWA-YOVRiDVHTZNA,1 up caramels,1,5.0
qgkHO2BGFojYQFKhspzm1Q,Beatty Street Mural,1,5.0
QDQJVzjs6EKLkjVUCr9d1A,Cocolico,1,5.0
BiaJDrkhB1BkemprfeRRTw,CockCakes,1,5.0
s7xLMRGqBUhxndYzfiP9Xw,Keegan Country,1,1.0
azoKlaqB7hdfMs_1zr9uBw,The Keefer Bar,282,4.0
K1943yeGQELTUeiH6bDa2g,Bao Bei Chinese Brasserie,394,4.0
k0lG7VPUVHjgAgjldg6p4g,Say Hello Sweets,15,5.0
90XZXjKo4ol0BqyOBQoJ8g,Floata Seafood Restaurant,199,2.5
_ISrUeYkdfeT9Aa3teoF8A,Vancouver Chinatown,60,3.0
QjRIE69P7-XjGs06U-7XRw,The Filipino Noodle Joint,10,4.0
zujR6S-epS_KMWJeMmvXjw,Daisy Garden Kitchen,9,3.0
GylQWtq53KhNyato8X-dnQ,Ming Fong Fast Food,4,3.5
uftu7un_Nm4I01VbbGyS7A,Sushi Bok,1,5.0
UnCA023FCE_p6l5G7JWI4g,Fat Kee Fast Food,1,5.0
ZrtDob4ytmEHGWXOPcpwww,Fast Food,1,3.0
zQDVyHt8mbnCqaGBUrlZTA,Des Cosina Enterprises,1,3.0
0Dd1Cjt_XoVaEvPOkyBD-g,Coopers' Park,18,4.0
VoziJj_Fw67OtZtdDzrpQg,English Bay Beach Park,68,5.0
4563XS_PrPJivPv_R5sW3Q,Alexandra Park,1,5.0
UgLSJV541U0Or6hKvtCL7A,Gazebo at Alexandra Park,1,4.0
rG0O37CBD7F-kHmIw7skQw,Eat Chicken Wraps,61,4.5
JiWMDZKt-2firk2bYrwiyA,The Lennox Pub,136,3.5
P_qoxhnolvyTF4nklac8iQ,Five Guys,195,3.5
Od_5E2nLUXFtr6Y_eUtkaQ,Chipotle Mexican Grill,237,3.0
7XREJZ0nBFyxKO0tbMcLwg,Bistro Verde,107,3.5
2wWEkXDeKiAdMXrNw1JVzw,O Sushi,73,3.0
_tjDOfaNqSbBqbEwayQJjg,Jollibee,44,3.0
kvuLtLj-MngSgIPEPTVrig,Nordstrom Ebar Artisan Coffee,35,3.5
KlaaMtVVHp-klfZyeF4yRw,Habitant at Nordstrom,13,4.0
h2frvCzl2KJeSBwnMoe9FQ,Cazba Food Cart,10,4.0
Hz2piNANW8OOmakhM8lVZA,Meat & Bread,23,3.5
n-ogm0lCwPeWJ758QMhlNw,Taf's Café,47,2.0
h_gHK_HRPSP491vTzCETFg,Burger King,31,2.0
_MWduI6DKnLYgvpq19kfWg,Freshslice Pizza,12,2.5
X_yaFXNtODblkqIJFFEpcQ,Gong Cha,8,3.0
Suw-0epv01C5F0FRl2L02Q,New York Fries,14,3.0
DsQZOrjS9DAEwIcMj6rsoA,Starbucks,1,5.0
0KA-biEo_sohstS3BPv7_Q,Gazba,1,3.0
EJEnxX7i9ieGp27OiIAbew,Salad Loop Enterprises,1,4.0
ZmlOSws8Bsiu3uWsyldnpQ,Sushi Express Bar,1,4.0
nMxpWqBw8JMKFqjtLcrgOA,Starbucks,1,1.0
s0INTkNshIntfZpKzeaHQA,Passione Gelato,91,5.0
Thd2hkwftyCRcX998vCmAQ,On Yogurt,89,4.0
p8lxRgWWIFhWuecUwWFVOg,FRESH Sushi,125,4.0
W15xOrnCh3OrWPs4tXFNlQ,Le Doux Ciel,19,4.0
zcxEoFmiWqlFGJPBVq5_Ng,Pho Khanh Express,27,4.0
z_EFxaliVbDX5syFIofESw,7-Eleven,10,3.5
q9zrBjnDDhcG2Lq3b2fE8w,Mrkt East,19,2.5
1C3zblgOfeCBpBzpHb9QMA,Siegel's Bagels,161,3.5
1GmSoP4oLdwgoYcesdy7zw,Corduroy,75,4.0
odOYqLxjETr411bk0SEaMQ,Al Basha,38,4.0
j08f_R1zwYkdxFwgcMdOqw,Starbucks,15,4.0
xZSks2xfrijtJjly1qiQlg,Juliet's Café,55,3.0
qKas7uwh2Vj2dyRaGowBTA,Moltan Roll Bar + Sake,33,4.0
dI4C12Gb45uThlJgzogVZg,Vera's Burger Shack,49,3.5
Ru5edzaevZHc5jKVndFphg,Panne Rizo,37,3.5
BJjibSl3q0ZsuA6mXFQu9w,Triple O's,27,3.0
jIZA2KdSSEV1pmHclkmTxw,Kits Beach Coffee,4,4.5
hfdjYC7cpzLUE8EcKA7xNw,Pizza Pizza,8,2.5
CIb8Lsgv4sn4dCN8s54b7w,Taco Shack,6,2.5
1tJ25j22FXmkuQQW0F_Qfg,Afghan Horsemen Restaurant,238,4.0
zcl4Gd-WHQ5sqNE8CnlfFg,Blue Hat Bistro,79,3.5
cQswySTmbupwWmdv8mIZAw,Granville Street Bridge,12,4.5
ZpjInCVtRWxk84YzoDj1sQ,Bakery 101,13,4.0
ellK-2ShZ2fyCvHMZ5ncTQ,COFU Pressed Sushi,8,4.5
6EkU5sUdWyxhNkKqHVtrGg,Tru Cafe,1,5.0
jv7CtguaP1sLivG7zW-5SQ,Straight Outta Brooklyn NYC Pizzeria,2,4.0
hBKP9BFmmNdQtoU5ncgLiw,The Corner Store Cafe,1,5.0
vRkqGFOGDoOux5T1DVCrPg,Sushigo Restaurant,13,2.0
joFfWXQiv1d4yf3HU-fVxw,Mellowbite Pizza,2,1.0
zrb_IVQQ3dEGBghYuZe7vg,Paul's Omelettery Restaurant,294,4.0
Hbni4gZttvZAmFr82WChUQ,True Nosh,15,5.0
OipEfQ8nR05SfumM3OQhJg,Starbucks,11,3.0
DhnBM1H3FgF75Y53vXt_NQ,Sushi Van,93,3.5
alGiE73WMYVu4BOja2k8Zw,The Marquis,61,3.5
ZIHPWLhfrQyrR0rbDzz2wA,Liquids + Solids Cafe & Market,36,3.5
hPZsvvyxqqUZBF1q25TkHw,Blenz Coffee,28,3.0
flST_0gcqYA9OkwmiCef_g,McDonald's,16,2.5
QgxvHN-LQPS0J7fB4FC6lg,Bamboo World Kitchen,3,2.5
RqtEy936GDBb0ddesDqKQg,Breakfast Table,243,4.5
LPxSkp0nAWN3zQRv6gNJBw,Caffe Barney,146,3.5
r3WqROG-xCXaa1lIG3JfQw,Bin 4 Burger Lounge,93,3.5
e-rcL7OGCA27OkZ_gnzEeA,The Stable House Bistro,97,4.0
p8rb6IQ637goSkbyMbcOAg,Small Victory Bakery,62,4.0
rzCy8anLniEySrLwR3RvqQ,Bean Around the World Coffees,22,3.5
RkvDVTzCG4wMSbiTIt8Pfg,Momono Tea Shop,2,4.0
UkSNdIF54dvas25eh_CmFw,Caffe Cittadella,154,4.0
u-tcnG8zdDG8QWYTctxyfg,Cactus Club Cafe,137,3.5
UC53PBtr2nwO19AGB8Wn4w,Benkei Noodle Shop,174,3.5
MQK-AA9xOFFLKBfd7bVSZw,Red Truck Beer,83,4.0
YH_jjPE1ieLSGC-YqJk0Lw,Tractor,24,4.0
rRb2CvNCNWyPSQdeVme9-Q,Takenaka,36,4.5
KBFdi6qNgzNY3g0gmRSWwg,Disco Cheetah,43,4.0
sbeSmeab0vbu4r85Egp7SA,Rolling Cashew,19,4.5
ziQqb3wVR0WHCOyFiw2XmQ,Kamei on Broadway,6,5.0
L5mlxUIVSzI-z3AbJb3v3w,Chouchou Breton Crepes,18,4.0
0hu0ZDyEd-ZELKQf50RW2w,Boca'o Spain in a bite,8,4.0
Cd9qyWB16pib-Wc9QD-Apw,Yo-Bones BBQ Catering,17,4.0
5a2XO_NXosYPcstWBH5tiQ,WA-2!,6,5.0
gcJAIjEHewjOi87obm6gXg,Pizza Rubato Napoletana,2,4.5
X-L7K2BqjAoxQQLggpr2rQ,Brilliant Star Bakery,2,5.0
8L4ui-CouILF4mdaCZQXzQ,The Real Patty Co,3,5.0
v4GHQQUmHKnLEL-uOfjcNA,852 Kitchen,2,4.5
7XzFgNgAk2xBMNNlJ_Tz_g,Porkmafia,4,4.0
y2oYsHK_Ew5TWY0wbcdU1A,Yardie Grabz,1,5.0
V_FCIZ0Y2vk20b88ftmwEQ,Farm Ventures,4,5.0
iu9DRK5leEqUJ7xW7HSxvg,BeaverTails,3,2.5
yXamWvS1iSB-_sp7ebQP0w,Creme De La Creme,2,4.0
AyjYsQOvDC3GcOzHzG6Jaw,Whistler Eco Tours,4,5.0
9dJ9wokvI99L0FUE8qOQ0w,Carte Diem - Seize The Souvlaki,2,3.5
-HfxEoo3wIWFApvuDcHEGg,Passion8 Dessert Cafe,201,4.0
HIJlNqu7VKYAxFApilHg6w,Shiro,240,4.0
NPOkjob3PFlNrvZ-GO3fqQ,The Firewood Café,115,4.0
AdlGyoE9ff7dxZv-tklsLQ,Chirpyhut Fried Chicken,13,3.5
PM1_JLPnZVPbgScyNEQFKA,Yuzu,2,3.0
eDTuLgH0muqJg3bh-qnGfw,Purebread,58,4.0
_5cGjnjBRku08-LcEjv0cA,Blaze Gourmet Burgers,17,5.0
XNe7kkk1bFjByhsFVctk2A,Terra Breads,36,4.0
wtyCB3iRPHSXNxmtZsg89A,Tacofino Ocho,85,3.0
EichPhjYtOZDEC4KTUTxPw,R&B Ale & Pizza House,22,4.0
pH7zpCxm_NS3NzTFbUPVBQ,Field & Social,2,3.5
7mC73EaD-pi3yyR63ZVn3A,The Cascade Room,228,4.0
NTtQJ4KrcK36Xi4eEvo3hQ,Ignite Pizzeria,71,4.0
sLBJg33T9LfeKmq-FKxssg,Caffe Barney,109,3.0
yBKJ9yxmZmKv6XvbYRN0_Q,Bean Around the World Coffees,47,3.5
0DOiGpJm17_9vysNWOiHng,Tocador,46,3.5
PPzjbq4cE4J9KIYLIcG7wg,Aling Mary's Filipino Store,19,4.0
fgcDftf7FDOS3RR2oUzuPg,Subway,4,4.0
p5thThuUITUjAy8gS3sPMw,Fable Kitchen,746,4.5
4BPVXTle3SndsKRjj0qMAw,Rain or Shine Ice Cream,356,4.0
ztP4E-dCMEOZRT9XYLDNzw,Maenam,378,4.0
jyBiQI0XtESTGHXODCFsJQ,Romer's Burger Bar,337,3.5
fcgCS7tk1kCLAEistL01Vw,Tractor,155,3.5
LqzeN5HH6K1KXI6PsKdN4g,Chi Vegan,196,4.0
zPVirzX5eaRepNBNzTXq4A,RedBeef Noodle Kitchen,104,4.0
VzIh81mLHwZeeAtMFxqK_w,Noodlebox,218,3.0
h60CuXTwYqNX9t6Ppt5RXA,The Hoke Poke,59,4.5
4WBtUrKNyfuyth71On3ApA,Trattoria Kitchen,309,3.5
OXEaIQsgJIUCyRev5VgvLA,NUTTEA,19,5.0
rr3fgRYPxcXt0pACSaAjew,Tacofino,26,4.0
k50eFm74cJtUOEIScrDCMQ,Bibo Pizzeria Con Cucina,131,3.0
dGT1LIPjOolslaYDMF-Aug,The Pie Hole | Vancouver,43,3.5
_3UwHix7TshlnVBHmL3l4g,Best Falafel,15,3.5
VIJ_tFfPDEpwiAbYpJSFbg,Freshii,18,3.0
dyEAYqTj5IuObZGywUPyEQ,Freebird,3,4.5
9Vu9gwCuAn4q9aVZrfIGWw,The Keg Steakhouse + Bar - Yaletown,281,3.5
uJNfd4CrU3dD7RjLnHzodg,Angus T,83,4.0
_Xxsjm_mUn5yQ17TrBmRHg,West Oak Restaurant,258,3.5
DhWNZXfKSlUxMcQQ6EUkMA,The Greek By Anatoli,237,4.0
xOqfvlf_oVeAcqj2xHrx1w,Tacofino Yaletown,162,4.0
tcMvdTNquoTxdDY-o2IsZw,Banter Room,113,3.5
AlwjfeiF78XQ_AlaVqZ9Og,Bartholomew Bar,32,4.0
8_zFPI3gjdVl_rrBwUrQmw,Copper Branch,17,4.0
zUYE1lH1OUM419ArHHmWCQ,El Guapo,38,4.0
0S5mWN5r-dQsTSCDdzCrtg,Ignite Pizzeria,9,5.0
UuD2ypjDUD0R8StTa5k5Yw,Moltaqa Moroccan Restaurant,9,4.0
JJxToLJlmsQCv-eigT8nYA,Hazukido,6,4.0
3HJJ3jmiYtXKKq7krQj_MA,Subway,6,3.5
eYcDu70ze8OcXpAUZ_KmtQ,Pierre's Champagne Lounge,22,2.0
7B7cpzBzFIvBReRs-UlB4Q,Field & Social,4,3.5
4SifsejRBVbVUFuCvrYLwg,Sharetea Yaletown,1,5.0
5-3wyrIOYInzwEZHTQP9nw,Yaletown Park,8,2.0
9DIct6R794tApbOtdHafXA,Okeya Kyujiro,1,5.0
L4jCuG3S-6kY0FVAyjiLNQ,Nero Waffles,449,4.5
O49XotDpx7v3c1KKdKR9pw,Pho Gold Train,39,4.0
7F5blD6YrhpcH-MYyDzcIg,7-Eleven,2,3.0
6NUrBhP5gQ_dgV47L_REIw,Subway,6,1.5
nFo9mmxd1SonSoWsIX7RAw,Menya Itto,30,3.5
XAKULkvx3NBAMoBZHov0xA,Barclay Heritage Square,1,4.0
FpXp_Knu7QK5AI-vbZTKBA,Barclay Manor,1,4.0
nNhGmSP8xcBAWokkNv0m1w,Calabash Bistro,284,4.0
H4h_nwZW7f2Yj9ONdzGxHQ,PiDGiN,308,4.0
3iflXLCloP1XI8GwgdbYBA,Nelson the Seagull,237,4.0
8PrTJSFICr4f_dMictWkuA,Kouign Café,34,4.5
C1qAm45IGF6-kQTrCayZoA,West Hotel & Bar,4,5.0
JoUEZWB0y7tREmRPVJj24A,Aiyaohno Cafe,3,4.5
77xI9ep7cla7zJtzkaReQQ,The Sam Kee Building,1,5.0
UcbVu6kMUytS3BXSw545rw,Chinese Cultural Centre of Greater Vancouver,5,3.0
wV9Tx82ELBeBWnVYtlBZ-g,Rennie Museum,3,2.5
70D_rxm388HaD2qMTB59xw,Hawksworth Restaurant,611,4.0
EqvTmPu69ScPFotIz8h_xA,Mom's Grilled Cheese Truck,190,4.0
h7H3QdzykDSYzY29Hk3LvQ,Vancouver Art Gallery,184,3.5
8Wzyn8c4OZ4OANfKQNVGyw,Notch8 Restaurant & Bar,163,3.5
VAaiyvD_9KMcg8BYaPX3OQ,Bel Café,142,3.5
js-WOVWq761O1yKrwT1ejQ,MARIMBA,9,3.5
mKdrzse-LFXmdbmNUhee4Q,Feastro,15,3.0
m-yNQaZOX5ms06IajESbPw,Sciué Italian Bakery Caffé,13,3.0
FWvr8uXEW6fXwjmZZ-a7VA,Kokio,2,4.0
oAuacb99pPz4M8RfXNbwSQ,Cafe Ami,2,4.0
AiK2DUrXI3lV6NYxKWkBuQ,ocean wise cafe,1,4.0
2CxBAbnFIOfjRASbWcHC4w,Stanley Park 2nd Beach Picnic Area,8,3.5
OXPDSeqYp9p19PDDpg-ilg,Third Beach Concession,2,1.5
ZvRp6-lb4SzfWvtn11k0LA,Air India Memorial,1,4.0
S9GkSvSZBFOG9ttPlemagw,Totem Poles,30,4.5
et2J8Hbsgox89EiujdzLLQ,Shore to Shore,1,5.0
b224L6_v7F2M4FsxG6rFag,Elysian Coffee,52,4.0
Nrmsdtg10pyX2Qm2nZcVSg,Best Burrito,45,3.5
LWU4a7ejo8RIffxOQAdpZw,BOGO Korean Kitchen,5,4.0
bJ4pQO2TupMWGltj7kfLfw,Black Coffeehouse + Lounge,2,4.0
7BIpo1jpmzyKlImIiZcvmQ,The Wicklow Public House,87,3.5
yOToTuLtsEA5P3nTx71X8Q,Uno Gelato,12,5.0
g1WcsMOzDGOmDvA-y0xMvQ,Mahony,158,2.5
WzDJgVPU-11oe4B5GK4Akw,Branas Mediterranean Grill,60,3.5
WAKwis2gWtNjRqFGkgwORw,AnnaLena,330,4.5
msIUl3FAvyijGcjANTWXIA,Koko Monk Chocolates,59,4.5
GzDU6dVNoowb6jmjbpqN_Q,Kahve Cafe By Enflux,43,4.0
aMY5sxy7N8h5S2U5t4ocnQ,Mister,3,3.5
q57lv8q2rgzsc9mgWy8x6g,Arbutus Coffee,97,4.0
yodp8dWdtD22DFp75nFa9A,Yu Shang Hot Pot,66,4.5
tPe5JBjVRbZ8MXR7Tl8jaA,A Taste of Vietnam,88,3.0
tLx1Q1vrIQDapX58_gj8fw,Johnny Rockets,24,3.5
_Trgsl8TD-Mmt2Sn6Di1vQ,The Keg Steakhouse + Bar,169,4.0
-d473gtB7sazHlWu_1a2CA,49th Parallel Coffee,237,4.0
bIWJu0UDFsiPSmn3jUH9Ag,Sushi California,28,4.0
isDTSR3Tc8RV2p8eCX2Gvw,Neptune Chinese Kitchen Alberni,84,2.0
A35ljFDKELmMkAiiOTyuTA,Mangez Mangez,32,3.5
TUKHkzJwKmxIb26UnMftCA,Blenz Coffee,20,3.5
4vMUHaD8WD2b6N3Shu4uYQ,Carlino Restaurant,14,3.0
w9pCVk0GV6AEtH8Z-phXuA,Starbucks,6,4.0
keH5gxsJyRrbyyX8B6eaZg,A&W,25,3.0
nXaUx2eP3TvD8PY1EIqAsw,Archer,9,4.0
UAClOVc95wqtRTQAq4U2Yw,Komi Sushi,57,2.0
Lzg_C-mqWVQ0CKI64e6P5Q,Deville Coffee,2,4.5
ynbk1Zyp6qbZdx5ivuf10w,Subway,3,1.5
JfRjm9j_8fChaODlKwMyGA,Made In Japan,1,3.0
67zb4FcsSKuRMJG3x8qEqQ,Cazba,238,3.5
4jM6Mvylg6eKUCh6HOdlKg,Samurai Japanese Restaurant,284,3.5
eklI9ibxTgQ4Tx5VsoP2Uw,Kadoya Japanese Restaurant,207,3.5
Q2FYU9vFPEoOEMAeNP4enQ,Banana Leaf,235,3.5
GeJ_rMJ7qx8olmGghcnJag,Los Amigos Taqueria,120,4.0
awSiIH1d-ma2gTPgzVXvMQ,Thai Basil,214,3.5
MjRHsIyZcYV0LpNhM6gbIg,Takis Taverna,142,3.5
8_Luerj7LEVuSb5ll_7hlg,AMOKA Coffee and Bites,78,4.0
RNgR9Y_byajHqgVxP0dnKA,Cardero Cafe,14,5.0
7kqw5gDC49Vj5xWmKB7qIw,Best Bite Donair,27,4.0
uCZPWQ2OYNLvmMm23cUx1Q,Fatburger,37,3.5
DN9j5hAmoRwwJ19LEOxfDQ,Denny's,97,2.5
Rgj8ppNjPtx9fKwC8yyg8w,Starbucks,19,3.5
WtoWJAOmLbordZcE-yY_SQ,Megabite Davie,35,3.0
yBWLnpWOqYKLviXqE-i0Sg,City Square Pizza,8,3.5
720w4KP2M1-xpTRAc2QoPQ,Gringo,1,5.0
rGRjA9M6uSy1aGZAN1dpng,Bonta Italian Ristorante,3,2.5
fEhUmWietuoDJL9MuSMZzg,Stefo,1,1.0
YrJ4RgfBo1y7nNMBaUHCAA,Velo Star Cafe,2,3.0
NnaE4IKlc6XdYOUu4IOV5w,49th Parallel Coffee,495,4.0
KDpEDnHqRXTeBhNTmvBFiQ,Burgoo Bistros,486,4.0
AkoPWWsLI7KpRKxwEzIvLg,JJ Bean,119,4.0
kkg_8XqwdBQbSx9XCMpCzg,Mitra Canteen,78,4.0
BrA7s4_ZQMRmaeong_iu6A,Seiza,69,4.0
7vqgqc94MbUClLv5IHLsAw,Papa’s Gourmet Pizza,53,4.0
m9hRvwRpZ0BYnletTK12Hw,Pho Goodness,117,3.5
PRnNbp2YGR06DDbLX1yP_A,The Basic,74,3.5
JDeeRdR4ExCCU2Rdh0RUsw,Vera's Burger Shack,67,4.0
kNqyga93EnHymMtBsc7z7g,Planetary Burger,37,4.5
k6HVetOxwGkTfihlGEC17A,Hyde,55,3.5
8kGScONgvTUncK7U8U9S4A,Kind Cafe,38,4.0
QUW0hcUc42rzCZkRllHGIQ,COBS Bread,25,4.0
2Wlfty9MKueKN99mBqgT_Q,Good Co. Bars,78,3.0
B1t0OSKUDo72yKhPrP906g,Pizza Garden Main,44,3.5
Nco_OOZ4wkS8FdDGu6Mj7w,Kaori Izakaya,39,3.5
ELb5MKzdN_LJ_Frm-VWdSQ,Uncle Abe's,16,3.5
wZELJqt0BsnYCcnzMuSDBQ,Forecast Coffee,14,3.5
pab0-quYuIn5abcePl_Hwg,Panago Pizza,25,2.5
5GyQFTsFANl0PQrrx17iwg,Dog Meister,3,5.0
Qt7unqQCzWPhVQ8dllrtdw,Main Street,3,4.0
A2VVCdM5F1CdvIV5uFm2Ww,7-Eleven,5,2.5
D1gkF04qqIz0nrrVmCF6ug,Ramen Danbo,350,4.0
XDWS4Rayi52jrN0z0ibG4Q,Mi Casa Mexicana,23,4.0
w7q3AJ_nXkdCGn9YWyzJLA,Ajiya Sushi Bar,24,3.5
tyzaHCGa0FIDjHAj8HGD0g,Bel Café - Kits,19,4.0
NMNzFTEcJ0bTyDDXUgOSLw,Hideaway Eatery & Bar,8,4.0
G5jF4SJxprxf4rQYkemHtw,Mars Japanese Bistro,7,3.5
cNil4ExqTvXBkd9arVGx1g,Pizza Hut,20,2.5
fRl75WY-N0Pia2Tjrp0ZNg,Heaven & Earth India Curry House,6,3.0
wyckj51AcHAY2pt43HA1EA,Unchai Thai Restaurant,76,4.5
usO5eH44mmub9p_pH95OkQ,Delhi 6 Indian Bistro,125,4.5
tlrR4EKTI_jDQTO-uUNc7A,Carlos O'Bryans Neighbourhood Pub,60,4.0
nj3vYnFDmMhPdU22DSJsBQ,Gateau de Henry,19,5.0
Q0AzZcsJhilGiuoaAERK9Q,Mazuya Sushi,38,3.5
ifhUXR3fck3HufJdV0hYvw,Timkee Kitchen,65,1.5
JzUGvmHytfeAGLXUt4APdA,Vancouver Guitar Show,1,4.0
fpaVATCYnjs3CbNTIVzWFw,Trans Am Totem,2,5.0
W2WQDWey3ycXfRdfDShuAA,ARC Restaurant,159,4.0
OUzfOoeRg_OY4MChz7VguA,Five Sails Restaurant,166,4.5
Q7DVB7X0194ohRLOlnz2_g,Oceans 999,27,3.5
9l0LUvWKca--55WPiakzbA,Starbucks,18,3.0
8epZBQPYacy1-KQULLABmg,Alibi Room,560,4.5
zh1Fa3zevYr8uFjj83YHfQ,Deacon's Corner,157,3.5
rVd781B1hA20gJchgqlx9w,Beaucoup Bakery & Cafe,317,4.0
Ibejeht--wHn_5b84FDdbw,La Bise Bakery,5,5.0
GUJ-DnrpgBUAjfODH1huDA,Antojos y Sabores,7,4.5
WLe3xluaCX8KcUdYDiCjzQ,Las Autenticas Tacos & Tortas Ahogadas,4,4.5
0vjKqJuAM69B8psdq2NUoA,The Frying Irishman,1,5.0
21SGKSXGSK68WZ9gM841mQ,Unni Pastries,2,4.0
4yivO9_j79NhBXMta0suvg,Carnitas El Rolys,1,5.0
TQj4HSCmm5GnriKMiSpqpQ,Raisu,388,4.0
Bo30wYCWWy5M9g1W7GQ5SQ,Au Comptoir,206,4.0
jZPYyfrEhn1jIlo2MXFPuA,Hi-Nippon Japanese Restaurant,95,3.5
xkZuQgCjBgUYmS0BFEzMNA,Maria's Taverna,98,3.5
S4DFeNGphgug2E-dLfiLXg,Kokomo,24,4.5
hhEZldyc-CZMP3WYysiqgg,Delara,24,4.5
1RQhYwhtjFxProhY1BzeTw,Browns Socialhouse,78,3.0
phdll2c9FSjRgzcff1ToXw,Simit Bakery Cafe,4,4.5
hWlod6cewP1NKG5LBJBJhQ,Cobs Bread,11,3.0
O07_DHUjRD3r7PGcHBjBnA,Bistrot Van,1,5.0
LOy9EL7UeiKRqdUWUcbtZw,The Belgard Kitchen,204,4.0
rpJpZOvTPbVmBh2goK1iOA,The Mackenzie Room,174,4.5
lo-ecE_V54BewbN0mUO_iw,Pallet Coffee Roasters,1,5.0
GoavELrEifLw-8hDX6j0HA,Coffee Bike,1,5.0
gRepmb_vwaCDzbsjwmJ-Ig,Foret Noire Patisserie,56,4.0
P8ivaSJ-_FmC01Z_2Npuig,CRAFT Beer Market,511,3.5
2zeh8dTdftT7sVl2qDGC6w,Yandoux Patisserie,46,3.5
yB24S-bsaJqaP3pQFpKpBw,The Flying Pig - Village,200,3.5
AlEsjF_9KKX_949qq1lX4Q,Bao Down Gastropub + Raw bar,238,3.0
6yfGhEW0OC6G4xTbtTa-9w,Pho Quynh Express,46,3.5
NHuuLXPWt9d9JXmptz3zjg,Urban Fare,53,3.0
Iq3jXNqinYFedkKscL78OA,The Bubble Tea Shop,12,3.0
GPMJ0Jp_jD7wM_Kgak4SaA,Salt Building,3,4.5
08j7E4HP6Shlc3FyN4csjQ,Subway,10,3.0
r4uSzklLR8Jz4DLAnWNJtQ,Honolulu Coffee,1,5.0
zs-syrUMAGrVl5kqijQI-A,Super Baked,1,5.0
v08XtB2eOhHpVNwciI5qgA,The Ramen Club,1,2.0
kljK-5qWOGerzNFpbRDP9w,Tokyo Katsu-Sand,22,4.0
vSx8D2RpWxiU_o2igKJwdA,Starbucks,26,3.5
gIQbiHPpPTv8TCgUpwS5Sw,NaMi,16,3.0
4Mluju43bJQA4D4_8U7v5A,OPA! of Greece Pacific Centre,28,3.0
23KLhL5rae5Yzn6uILq6Xg,Sushi Cafe Kitchen,13,3.5
S_2eq6lrZBlilhirR5cULQ,living foods,11,3.5
uDc9ifnHf91YOS0AwZan8g,Umi Sushi Express,25,2.5
eCCzuCx5_-W8h0rKeR6KSA,Tim Hortons,21,2.5
zopdNk9KHJesaPs9_m0UCA,Taco Time,16,3.0
u_RZogw9MhxRa3751VR0YA,Nu Greek Street,7,3.0
Kq6K5L4HO_ISwi0BwNGawA,Trees Cheesecake & Organic Coffee,6,3.0
Tht-ZVyzieVxNET0gcc2pQ,La Prep,13,2.5
QnDKKgvDaOHawMGhX8i3Fg,Flaming Wok,38,1.0
Aue5hpgL01ekteVvaFgJ1Q,HBC Gourmet Market,2,4.0
YWHYELEz9Y2Fcs7PZ932HQ,Fatburger,2,3.0
GhEjxHrDyBRwBMimUP4Wow,A & W Restaurants,8,2.0
WXTsLIiGfHDHWtLlnj4RdQ,Koya Japan,9,1.5
oIVVGIspnYVHCDDm005mRQ,Café Expresso & Gourmet Market,2,3.5
ru0ezr0XBE7XGhmLdTcMTg,Starbucks,8,2.0
H-n_xUFdMTZhfTZgJdhA5g,Montreal Steamies,1,2.0
qqc1r7edSHsLhQ2aJe-xPw,Tea Sparrow,2,5.0
uBrdXdwWDDpI0v6p44NpdA,Amato Gelato Cafe,68,3.5
C8K5GvhWNYY4zBijgekT3g,Tractor,47,3.0
a5QJk8HHZz0v2fmLOTjsfQ,Mario's Gelati,9,4.0
stpponw4dmBTnELEpmiMSQ,Hon's Wonton House,56,3.0
2jhPco4UcYCrTAX_pHfv-A,Starbucks,10,4.0
z-1HXkudDPE4bY1TbCwE8Q,La Belle Patate,525,4.0
o5YLdmUogknjtDzUBv5Smw,Tom Sushi,152,4.5
18aIKschS0rNDNr0sXWtww,Davie Dosa Company,175,4.0
7_qZrRi_zs2GbnxmEAAVmQ,Sushi Bar Maumi,169,4.0
hQoFgRJhYZn4AM5uE3c9fA,Donair Dude,258,3.5
wzdPbAjz6UmfN2KRxD0LBg,Disco Cheetah,56,4.5
0-GUtXbpzDsU8XJBz24RYw,Pho Central,162,3.5
76xTSDJ_Ugn2N9egbRMFEw,India Bistro,197,3.5
KHPVZBYC5riH_BzpWnGEwQ,Dosa and Curry,73,4.5
u1x6DrSS7X8d_7UwrtyUuA,Mary's on Davie,56,4.0
m3-RTbihterH_6kp9sgT5g,The Pumpjack Pub,46,4.0
VyHdjx6K9XNfjsh2_2PqFA,Thida Thai Resturant,61,3.5
_nsu0ja3_tx8YakElRcC4g,Vancouver European Deli,33,4.0
7IVWvS5fwG2xyYvexqfWZg,Blenz Coffee,37,3.5
1F2x_49ozaNVpmDD02D_vg,1181,51,3.0
dg330bwIZ0mzo3Rddt1lOQ,Downtown Sushi Bar Japanese Restaurant,116,2.5
wKSaReQwhOl8BdQbJxxGbw,Maple Leaf Bakery,24,4.0
PT64qEUZsB9cFRACvqumPQ,Nene Chicken,13,4.0
tcQmB2QTnxdSUq8CHVUi3A,Al Basha,20,4.0
Igfiupxoc3UcJNHT4dz4mw,Ho Ho’s Yummy Food,63,2.5
IyldNNkTsEod58zt-KKzzw,Guu Davie,21,3.0
WfJZtXAR0gKc5DfCsEUIgw,Davie Village Bakery,4,5.0
vc1XzzsXHsDmo4UPNS_7Ag,Yummy Pizza,33,3.0
C52TzoxEiqxFGKp0AAm0mg,Davie Village,2,4.5
fvg_6lhEJYJ-hIXQwVJ3jQ,Jim Deva Plaza,1,4.0
uEqqNx9NrK8oIsBxAnl-6Q,Marhaba Food Story,2,1.0
swsw1361Ya_QTadUArlomQ,Vancouver Soup,4,5.0
jENYBO-hThuNhIBZBw3n4A,Pacific Poke,148,4.5
z8Ll85vU-pEELbqbb7K-9w,Dalina,80,4.5
XZg7TWr4eBiVXeSca2_JUg,The Ramen Butcher,370,3.5
zs5zgv7rNOXurPQnqdW-qA,Fat Mao Noodles,211,4.0
_3FBR7yCFDfeDeLsyWrPbQ,The Union,225,4.0
bR0AwfXJlNxMP0387deRRw,Matchstick,95,4.0
AZaSqdPoPvsfTDnAMeoOkw,Ba Le Sandwich Shop,76,3.5
aFOMOdl6Qe6Qr5paoQmYYQ,"Juke Fried Chicken, Ribs and Cocktail Bar",316,3.0
nIXIrv80KmJj3PWjvi4ssQ,Brickhouse,47,4.0
IEavU1H1edShKGE6vIuoPg,London Pub,114,3.0
oEd-ZNr8lCi6CtTcp4Y2Rw,Buttermere Café,20,4.0
seDlMO8ZR9B4eZcAZNra9w,Fiorino,18,4.0
443bgsaGQcfwY1l5b2yxWA,Kent's Kitchen,57,3.5
iHW0kEuk3apSWjasvYGKiQ,Via Pasta,12,4.0
lVBazL4ybBoc30KWLHEGtw,Straight Outta Brooklyn NYC Pizzeria,19,3.5
CaW6UlH48vE1oJur583DZQ,Gain Wah Restaurant,144,4.0
hp47YeVdAhW2uS48BbvzQw,The Chickadee Room,5,5.0
APrNVND6qSDR2FCFC_HyEA,Jimi Hendrix Shrine,6,3.0
1VrNLmCte66RgmBIif5g8g,Roberto's Big Sandwiches,1,2.0
kVWborjFk85XBInxmdlSgw,Tim Horton’s,2,1.0
jKO4Og6ucdX2-YCTKQVYjg,Cactus Club Cafe,771,4.0
XwKxw-Rwf7cB33KXxU-iTg,Feastro,38,3.5
lmtyTjsLRLYxYc3DN-jYhQ,Olympic Cauldron,33,4.0
ImIP1Adwx6EvxNoj6gbjaA,LOT185 Cafe + Wine Bar,8,4.5
kRfJn1Fwcl3iXmYhKalI5w,Jack Poole Plaza,4,5.0
4f8mgwrPV_XRXMP9qLVhow,Starbucks,11,3.5
e8eDD0Cn_cRNoFhj90H7sw,Caffè Super Veloce,3,4.5
FwaxOvge4_iOmivWn20Zng,Nike - Greek God,3,4.0
cALV8k0kRonC_VD2yMzAXA,Stollenhaus,1,4.0
