id,station_id
NensKn1MSVU_rm-1Y6WlFA,7a19c49f486d7c0c02b3685d7b240448
oHYOa9l5aLOQpJ8dF6sDmA,7a19c49f486d7c0c02b3685d7b240448
3sTVFA9wQQT_7RTUj_g1rw,7a19c49f486d7c0c02b3685d7b240448
1AA4EjIIXywxOSnbyZ9vLA,7a19c49f486d7c0c02b3685d7b240448
31ag-M_QiaycGQrvAi169w,7a19c49f486d7c0c02b3685d7b240448
5nGTOnj9Fwb2hZUP3JQPVg,7a19c49f486d7c0c02b3685d7b240448
RVqYrtjaMZFdNUjfM8plVA,7a19c49f486d7c0c02b3685d7b240448
SjoGSiEVXN6u9SHFZ7CWRw,7a19c49f486d7c0c02b3685d7b240448
yNGbRPKzTMGheRpqA2noNg,7a19c49f486d7c0c02b3685d7b240448
O8I2UEhzIiTF_lFbIHvJ-Q,7a19c49f486d7c0c02b3685d7b240448
f7jEEU1I96mqji4B65pLBA,7a19c49f486d7c0c02b3685d7b240448
NdEPf2Ls5Ql3_nkwjqKvXA,32603a87cfca71d0f7dfa3513bad69d5
gV9lrbWr1CE1Jl0E58UO2g,32603a87cfca71d0f7dfa3513bad69d5
htvl5L_V-zKN0UvUgP60PQ,32603a87cfca71d0f7dfa3513bad69d5
mkqiEUO9KZbYtFPaDGxT0w,32603a87cfca71d0f7dfa3513bad69d5
33vTX7D5up56a1dm_AGsUQ,32603a87cfca71d0f7dfa3513bad69d5
sPPMSEvhjkWcJUPA9DtX7w,32603a87cfca71d0f7dfa3513bad69d5
BvzP3ytN5VWLAelR5i-DYA,32603a87cfca71d0f7dfa3513bad69d5
tdcbwxEP8JZfgx1NaRS9-g,32603a87cfca71d0f7dfa3513bad69d5
pzPNqJuBgkzDb9DV2fvjfQ,32603a87cfca71d0f7dfa3513bad69d5
f7Sr6NKUtQYCZZSvYiNvtA,32603a87cfca71d0f7dfa3513bad69d5
ApjtI5aULYXY4IXm_WNVjw,32603a87cfca71d0f7dfa3513bad69d5
0zErZVaaOhJUV1lNEqEc6Q,32603a87cfca71d0f7dfa3513bad69d5
Vbxro_sbR21MXBsoqE_ogQ,32603a87cfca71d0f7dfa3513bad69d5
ai64rPmUd14onCCkwDSoCA,32603a87cfca71d0f7dfa3513bad69d5
nnffEZLV13xqsjTIxXeqIA,32603a87cfca71d0f7dfa3513bad69d5
6we9hSReCQ0urWSMoHDfpA,32603a87cfca71d0f7dfa3513bad69d5
NqNVJzRLCVojpC_qk9QQeQ,32603a87cfca71d0f7dfa3513bad69d5
DhKfYlqLf5kKVC-XCByi_w,32603a87cfca71d0f7dfa3513bad69d5
_734xg7ZVHgBrTxojRunyQ,32603a87cfca71d0f7dfa3513bad69d5
D4SQ5UvvAcuGP5q685952Q,32603a87cfca71d0f7dfa3513bad69d5
AX_6GWJ8gPBrrnxeJgTN-A,32603a87cfca71d0f7dfa3513bad69d5
zSVlSPVRWk2I9u28cE8brw,32603a87cfca71d0f7dfa3513bad69d5
TLoyQDuaF2WVEBFG5arcJg,32603a87cfca71d0f7dfa3513bad69d5
yQsbaC5AHvKgcCw347vcvA,32603a87cfca71d0f7dfa3513bad69d5
N-Ahs69EtsSiclDTdm1ekA,32603a87cfca71d0f7dfa3513bad69d5
XQrDcM6Slk65d1sjxky-lQ,32603a87cfca71d0f7dfa3513bad69d5
SfzXH5rwrUCbTA5nimEW_A,32603a87cfca71d0f7dfa3513bad69d5
AyPsfJ4SsDwoP2bmXD44Ng,32603a87cfca71d0f7dfa3513bad69d5
Shhhpxpg51ZXz9-CovBI_g,32603a87cfca71d0f7dfa3513bad69d5
-D7PKtHkig9PpBg7oRYEzQ,32603a87cfca71d0f7dfa3513bad69d5
hDQmMvYXpLVXwhXSu9HsOQ,bf8408067b0e0c963f3ff526977bcef3
BdHvzCsxbLCErx36UcnMZQ,bf8408067b0e0c963f3ff526977bcef3
A2bK8SMYMQfNs3WgICHZyw,bf8408067b0e0c963f3ff526977bcef3
11DWf_QsuFIVaH26jEorow,bf8408067b0e0c963f3ff526977bcef3
p3N67zgxmRsEyiO2S16aZw,bf8408067b0e0c963f3ff526977bcef3
Sj94I82l_cUvFDkMiQXuLw,bf8408067b0e0c963f3ff526977bcef3
ME4x6MC86Z-Ewc1pT0JWKg,bf8408067b0e0c963f3ff526977bcef3
b102gNXJjaOSsDc3G1ePTQ,bf8408067b0e0c963f3ff526977bcef3
bWmgiuAxZC60YoE1IgMiHg,bf8408067b0e0c963f3ff526977bcef3
_FilivvpCbfT3vac3P_oiA,bf8408067b0e0c963f3ff526977bcef3
aXfCILskLB148tV_gkcGqw,bf8408067b0e0c963f3ff526977bcef3
oPAvVk2g_FUQOioH5RP9fA,bf8408067b0e0c963f3ff526977bcef3
ajO3_KCeodunpWlQKjQ1_Q,bf8408067b0e0c963f3ff526977bcef3
YBN_9DtaoR5YdMR_5a-BlA,bf8408067b0e0c963f3ff526977bcef3
gTxy81npm0Y3QYGoUEoF9A,bf8408067b0e0c963f3ff526977bcef3
c8X4kKXVxMIyC0aq5KLadw,bf8408067b0e0c963f3ff526977bcef3
6Co80lXA-nB2PnG-gyvipA,bf8408067b0e0c963f3ff526977bcef3
8-hAnm8pdLGgiODUqX0UDA,bf8408067b0e0c963f3ff526977bcef3
lhsezQPwPPI9JbSWz6imxg,bf8408067b0e0c963f3ff526977bcef3
3BJOc0BZvfljw06OTITEJQ,bf8408067b0e0c963f3ff526977bcef3
ldFf9NPNeV3b5r5IhGzN3w,bf8408067b0e0c963f3ff526977bcef3
BcZaxpNs-g-U7__CpZMO_A,bf8408067b0e0c963f3ff526977bcef3
rklUKuLFAafqZ61vfD7e1w,bf8408067b0e0c963f3ff526977bcef3
-Zwr2XYLcZkd7I1wg8GYLw,bf8408067b0e0c963f3ff526977bcef3
CoK_Qxi-2Hom8dJSIIzkzA,bf8408067b0e0c963f3ff526977bcef3
iHgpWa4sNnjGjPsZIi-VNw,9449a6a83fbf88452e384350e5ac95b7
QHwx44M5TtXiwqU_0-VfXg,9449a6a83fbf88452e384350e5ac95b7
r6ky7WzDTgjZSxWFqa2l8w,9449a6a83fbf88452e384350e5ac95b7
M4jkJHewQXZvDV34Tuon8g,9449a6a83fbf88452e384350e5ac95b7
PpPVbWqcPaUbtnWIYTcMsQ,9449a6a83fbf88452e384350e5ac95b7
jd0XyZCTzMOwiSrVjCwcpQ,9449a6a83fbf88452e384350e5ac95b7
qn_lvX0D27u38UzAL4pa1g,9449a6a83fbf88452e384350e5ac95b7
DJGoBfUSZ955bNQAK6aBog,9449a6a83fbf88452e384350e5ac95b7
bUyJ7AHN-dXCewS0NVw7jQ,9449a6a83fbf88452e384350e5ac95b7
3o_uedOTplKebCqHw6H86A,9449a6a83fbf88452e384350e5ac95b7
YXooKYy632AGmzjqjBrutA,9449a6a83fbf88452e384350e5ac95b7
htZ2lOcEJ3BRhwMehZgI7A,9449a6a83fbf88452e384350e5ac95b7
vN-OSZtWPZRrxgRt6Zdx6A,9449a6a83fbf88452e384350e5ac95b7
rQOpafcLorc_rPDPOKjfGg,9449a6a83fbf88452e384350e5ac95b7
guvAcx5czb6IqmuED1E-uA,9449a6a83fbf88452e384350e5ac95b7
64drFDGorfQPecRLP-lThw,365da33e9ce06ea53db1173a0f8eae71
fC7Nik_Eyhth4l9wFB2Qpg,365da33e9ce06ea53db1173a0f8eae71
TZ2fpNhNWH2tmFI-kIG_yw,707c1c54e0278fbae5d0ae3c42a25b71
3c5iJ9DQPt3R7Do1WaaW-w,707c1c54e0278fbae5d0ae3c42a25b71
r-njwQQ57eF8ejv2QclItA,707c1c54e0278fbae5d0ae3c42a25b71
STTsnEapJPt4ZR1sQ3hNig,707c1c54e0278fbae5d0ae3c42a25b71
UjDZwOEn1Cx3o906B541EQ,707c1c54e0278fbae5d0ae3c42a25b71
IO51VcyNBLtRGl4FF8bOmw,707c1c54e0278fbae5d0ae3c42a25b71
YUWUwIv6WrwHda81WqNVwg,707c1c54e0278fbae5d0ae3c42a25b71
Ri0V6nyH0qOQH6e5vtDQ0Q,707c1c54e0278fbae5d0ae3c42a25b71
TPSicxGE9Fc9c0377PHmtg,707c1c54e0278fbae5d0ae3c42a25b71
vi0pI7ghshOZ3JHe3WE5jw,707c1c54e0278fbae5d0ae3c42a25b71
RXaSRc5rWu7kr6A6yl6cWw,707c1c54e0278fbae5d0ae3c42a25b71
FD4jKJCMQrvLtS17Pg0rZg,707c1c54e0278fbae5d0ae3c42a25b71
esiq28ryKqk7G_xwDyJxkg,5105df3dd0daf4c26980f4134f61e5cc
viTut7TZzcR2Q8HAtqe8Zw,5105df3dd0daf4c26980f4134f61e5cc
a9P_JDakVrbunkghXHM9ug,5105df3dd0daf4c26980f4134f61e5cc
1UkzvVfUk0_MSTm6G34fMA,5105df3dd0daf4c26980f4134f61e5cc
B2UbgKVGP6P7HhD4DtYP8A,5105df3dd0daf4c26980f4134f61e5cc
Kv9c395EanG-Xv8pp8j_fg,5105df3dd0daf4c26980f4134f61e5cc
ZfsWvQRC1nhMOcD67rcFtQ,5105df3dd0daf4c26980f4134f61e5cc
kajMc2fkWKdzKJ1M4pm47Q,82c794442f54fabf9db6e392ca1fac0f
1KSuwOYn_bmhAEAgUriYYA,e7bf01431a6982f032996ad50a9e5bd7
RfcPs1GmBErgev2CJlkfQA,e7bf01431a6982f032996ad50a9e5bd7
d0YyLeHs90eNBCACc6_WIw,e7bf01431a6982f032996ad50a9e5bd7
_x53w2dzVJiLW7vLd7qbjw,e7bf01431a6982f032996ad50a9e5bd7
ZaO2ZLbdk-D269iNtYqDWg,e7bf01431a6982f032996ad50a9e5bd7
V7WrmzvsMbJZNQ6uf5K6Vw,e7bf01431a6982f032996ad50a9e5bd7
8NvMeQwuy_wT37C4_J3BHg,e7bf01431a6982f032996ad50a9e5bd7
F-TYP2zuIwlqEwjW80d5Ew,e7bf01431a6982f032996ad50a9e5bd7
Y8W-6QrUxLlUcm2kHDhyZg,e7bf01431a6982f032996ad50a9e5bd7
5rZKOedzldGFx0LNeWdQ0A,e7bf01431a6982f032996ad50a9e5bd7
4n-aj1CTTbDXm5UxdsaKQw,e7bf01431a6982f032996ad50a9e5bd7
gmCJoBAV2M9VIWJ1X4RIAQ,e7bf01431a6982f032996ad50a9e5bd7
QbvMaN8JekZh9HWRn9e0LA,e7bf01431a6982f032996ad50a9e5bd7
DllpjPUSLdhGLIWqUl8cFQ,91035fe1d70b65c9cb8ec4a007af7c7f
QmkGDL-8zexdKV3Xcn8ZYg,d2244f1a81d317c76cabd65e81250835
psiDEOaU5uS6REGJMVkUWw,d2244f1a81d317c76cabd65e81250835
njnqb8mGCy_JMKL9_9szbg,d2244f1a81d317c76cabd65e81250835
kzxedaXoGWb4u4fnmjWBdQ,b307709b305dd04328fbbf2c6db86419
9Waotz-_G9woVPWZTmZcwA,ac3b8198f03754a0afb8b6ed6d220cdd
l0cLT4c59zu0H8MVwp7vqA,ac3b8198f03754a0afb8b6ed6d220cdd
G-Ugj0M9x_-nL_t2yLUk3w,ac3b8198f03754a0afb8b6ed6d220cdd
deJiY5QyxKHe1IL4UZrH6Q,ac3b8198f03754a0afb8b6ed6d220cdd
MILJRoy07iy0bZUnR0G_jg,ac3b8198f03754a0afb8b6ed6d220cdd
wnNRw7Uo6LVlZxCBYDJnLw,ac3b8198f03754a0afb8b6ed6d220cdd
LtAYiTJQIQXA2bxTpHZBJQ,ac3b8198f03754a0afb8b6ed6d220cdd
YVVXdCm8GYmRpy13WkDKTA,ac3b8198f03754a0afb8b6ed6d220cdd
WWTTonzyOSAs4bIlGxux3Q,ac3b8198f03754a0afb8b6ed6d220cdd
bgzFQZFIItkDGTVj9pFwRA,ac3b8198f03754a0afb8b6ed6d220cdd
5DHwjdoJPV8i8IFoqzT-SA,ac3b8198f03754a0afb8b6ed6d220cdd
FkO87g41cGwRWbVneVb2Iw,ac3b8198f03754a0afb8b6ed6d220cdd
p7fplGQcl_LKK2dWgiWAEw,ac3b8198f03754a0afb8b6ed6d220cdd
vcgPf-1LtL7rIWbdwDfhYQ,ac3b8198f03754a0afb8b6ed6d220cdd
KJ0Ao8jHxf7SJXUToPeIGQ,ac3b8198f03754a0afb8b6ed6d220cdd
HwdvolydGGGqQSpheBrNsA,ac3b8198f03754a0afb8b6ed6d220cdd
Y0gFX8lk1vOfmc2OYnjsBA,ac3b8198f03754a0afb8b6ed6d220cdd
kzxedaXoGWb4u4fnmjWBdQ,029a505bd4422a1afd127987757f71a6
1RCJNQnqpTZjNn2YbWn4-Q,029a505bd4422a1afd127987757f71a6
w-hfHmpgdu6ocjelPIvZqw,029a505bd4422a1afd127987757f71a6
oHRYpXS_FSG8JO5z8Bvm8Q,0459b7e93703980b853cd65a9dc60596
nV-MkqGnkH1fyxuVCs5Jpw,0b543fc4e694fe07a54dac48bb1b3390
2vXKCM4qvVhCiYuCjOSMEw,0b543fc4e694fe07a54dac48bb1b3390
HrmXBx51bAXftEMAJy0iew,0b543fc4e694fe07a54dac48bb1b3390
AF3GkHlS48ra00-LCi_ojA,0b543fc4e694fe07a54dac48bb1b3390
_foBmwAL0w5qIEaUwWcmtQ,0b543fc4e694fe07a54dac48bb1b3390
AcEBuSwoXHdtobr-LiRRQg,0b543fc4e694fe07a54dac48bb1b3390
gdUW6MpgUUzbQnhPA_9qdA,0b543fc4e694fe07a54dac48bb1b3390
Ssow1Z1RC9VT3u6qSmW-eA,0b543fc4e694fe07a54dac48bb1b3390
n7cBSlfu_utOVK3QZCCWrQ,0b543fc4e694fe07a54dac48bb1b3390
HUrvINmrype_IcCX8N_AnA,0b543fc4e694fe07a54dac48bb1b3390
TWVg8wyzqqLwVUXRsku1lA,0b543fc4e694fe07a54dac48bb1b3390
d7DGGcjeSAm2eAyctiKpyQ,0b543fc4e694fe07a54dac48bb1b3390
0NMmNxqEMOZ-e0ESwzNnWw,0b543fc4e694fe07a54dac48bb1b3390
vp301h_QIwZpZc9vVpgyKA,0b543fc4e694fe07a54dac48bb1b3390
KU8lV6lf-PQiuMtj41DelA,0b543fc4e694fe07a54dac48bb1b3390
nB2N7EwLi3CLsQBWAkYUMQ,0b543fc4e694fe07a54dac48bb1b3390
KQzB63AKTgkefcZxQpNOTw,0b543fc4e694fe07a54dac48bb1b3390
a3RG4bP4Wun-NgrH1uZZhw,0b543fc4e694fe07a54dac48bb1b3390
e5NQnrKrFmU_OivObaC7UQ,0b543fc4e694fe07a54dac48bb1b3390
o63UdqhhzA17XtyC-X4O8w,0b543fc4e694fe07a54dac48bb1b3390
kMh5p2iQ-6Z6RbmrBivraA,0b543fc4e694fe07a54dac48bb1b3390
4ZIpwrNr51oi30D8R6072Q,0b543fc4e694fe07a54dac48bb1b3390
c2_wO8jC9BSWnX5onAriOQ,0b543fc4e694fe07a54dac48bb1b3390
e7rKQdWlynQpm5NFukEdsQ,0b543fc4e694fe07a54dac48bb1b3390
KUAsPjpy2pQcItMofwo2lw,0b543fc4e694fe07a54dac48bb1b3390
sQ0fBSttmA3-LNxAaFwZTg,0b543fc4e694fe07a54dac48bb1b3390
kMg9vBlpJ9e_wcU7e1yHZQ,0b543fc4e694fe07a54dac48bb1b3390
_-eV3VGH9_1dQ1acbHdtcA,0b543fc4e694fe07a54dac48bb1b3390
I0rBB5rK5Ow-qtsHUEmgeg,0b543fc4e694fe07a54dac48bb1b3390
r9P-Laza7Th9CnCDWvuaSA,0b543fc4e694fe07a54dac48bb1b3390
eOVTyiE-GMfG1NdG_-Z4Zg,0b543fc4e694fe07a54dac48bb1b3390
YtUuz38Sqhg0kDM9WunRIw,0b543fc4e694fe07a54dac48bb1b3390
AUAF4JbMmeUzUxrdfxBZhQ,0b543fc4e694fe07a54dac48bb1b3390
soc2BgJ5g2o5DtEKafyhgQ,0b543fc4e694fe07a54dac48bb1b3390
LHr4sVDp8tCnL_bkQxdUQw,0b543fc4e694fe07a54dac48bb1b3390
7I3zpAtJg9La5CsqjM8d3Q,0b543fc4e694fe07a54dac48bb1b3390
wDmBNugSnKZDDUeYm7dA1Q,0b543fc4e694fe07a54dac48bb1b3390
0fGh_lANUDc93j0zQydZMg,0b543fc4e694fe07a54dac48bb1b3390
paSPh_JP5D_EC3uwMVPpwg,0b543fc4e694fe07a54dac48bb1b3390
wWJuMUz3pWL9OVfGD30vaA,0b543fc4e694fe07a54dac48bb1b3390
cA_W0XQcTsYZUwOXlGj48A,6b1622540fe5c85d365754dd8c20bf0c
kps_seTW758-4BPga_X68w,6b1622540fe5c85d365754dd8c20bf0c
nV6nLxww8P3xAshYZmalZA,6b1622540fe5c85d365754dd8c20bf0c
iPlWTqPac_B9qpS0Y_AhcQ,6b1622540fe5c85d365754dd8c20bf0c
jKpHTUzCoXBFjdg8PMCsVA,6b1622540fe5c85d365754dd8c20bf0c
ulsLlVcGvuLOSN0n3bR2zg,6b1622540fe5c85d365754dd8c20bf0c
2ACWJP0YGyKhpU8vMUWPBg,6b1622540fe5c85d365754dd8c20bf0c
7EKeO01Wmal-9tLqVUXUvA,6b1622540fe5c85d365754dd8c20bf0c
9k97YeY5BAr76bI5N1HKJA,6b1622540fe5c85d365754dd8c20bf0c
Vtmuv3UZsUDr7q1JIngzLg,6b1622540fe5c85d365754dd8c20bf0c
qX3N-KukDJOU4hfb-dfvbA,6b1622540fe5c85d365754dd8c20bf0c
je53sE7RTFj9Nix0aatH3g,6b1622540fe5c85d365754dd8c20bf0c
5lAYuU0vMEkYXMgSBUnDcw,6b1622540fe5c85d365754dd8c20bf0c
-3jnPOLStOTqf7pF_4mKRg,6b1622540fe5c85d365754dd8c20bf0c
6wzztDGSDViDWp27tBGoSQ,6b1622540fe5c85d365754dd8c20bf0c
GdAij7JCPWDfy0Z50m-TIA,6b1622540fe5c85d365754dd8c20bf0c
QrmiSkUQeW2MjeNixp0blA,6b1622540fe5c85d365754dd8c20bf0c
gla7RuGJHuJ5xV8Nt-zVzQ,6b1622540fe5c85d365754dd8c20bf0c
Ma2vzb0TaS5kYslDwE2D2w,6b1622540fe5c85d365754dd8c20bf0c
wfHsRTzfpQXAZtz6lhHLtg,6b1622540fe5c85d365754dd8c20bf0c
Wvzy3EHqvgFw4vixKirsAg,6b1622540fe5c85d365754dd8c20bf0c
2AGNvq-2neVmqyGq9_Vmnw,ebc551adb0fc1a684f4080e4954a9ba4
psIbeHKmHygG_XVBuEv7qQ,ebc551adb0fc1a684f4080e4954a9ba4
TZFzuM0bq0yCfyipTxXCYQ,ebc551adb0fc1a684f4080e4954a9ba4
ZOu3gVwRIV9T20f56yyVCw,ebc551adb0fc1a684f4080e4954a9ba4
lCp-kUjIyexSjTph6P2L2Q,ebc551adb0fc1a684f4080e4954a9ba4
aDx0sjQpEq2--ENk5vw0aQ,ebc551adb0fc1a684f4080e4954a9ba4
rcGTDmh60fbuiI5wG4NbTA,ebc551adb0fc1a684f4080e4954a9ba4
90Mh5BxmRthFFFhfapb2Og,ebc551adb0fc1a684f4080e4954a9ba4
u2mD3F_-7D5jcqreAQ1d1A,ebc551adb0fc1a684f4080e4954a9ba4
vi9OG-2KBsAQYjybvIJvoA,ebc551adb0fc1a684f4080e4954a9ba4
gpsha2OUsHpQHSXO5SRVKw,ebc551adb0fc1a684f4080e4954a9ba4
ioTETSXgFmHQjBfqJjwc_Q,ebc551adb0fc1a684f4080e4954a9ba4
Z4zmiTwWIgpO5AIVqEP5Nw,ebc551adb0fc1a684f4080e4954a9ba4
6pCz3tYqjilN9UKpIAmKMg,ebc551adb0fc1a684f4080e4954a9ba4
jrW5mnMLDp2BeGZh8A6VFg,ebc551adb0fc1a684f4080e4954a9ba4
zSgaHiJPpSe_lKqYHg083g,ebc551adb0fc1a684f4080e4954a9ba4
ElU6zr1-L9XuErmdDy5ViA,ebc551adb0fc1a684f4080e4954a9ba4
92FXE6-VIhvk0i_MZaVjqQ,ebc551adb0fc1a684f4080e4954a9ba4
bSny_9mk53IpeC-oYhpQrA,ebc551adb0fc1a684f4080e4954a9ba4
_W2n7LHfjQmWtv_yca0xqQ,ebc551adb0fc1a684f4080e4954a9ba4
7ekikf8asCXX3hBgdKp8rA,ebc551adb0fc1a684f4080e4954a9ba4
I0r8kMimYW2BY6lINcZRFA,6eaa02e5bcf78db5386683d38fa2dabd
JoaCHPW7XMzZJDAjFKl3jg,6eaa02e5bcf78db5386683d38fa2dabd
pI9ZtT7OHt5sMJC7MxutFQ,6eaa02e5bcf78db5386683d38fa2dabd
l5YE5LXTdFQ3DdmECHVWpQ,6eaa02e5bcf78db5386683d38fa2dabd
ip5hyNODb1XTq1-3rDKs6g,6eaa02e5bcf78db5386683d38fa2dabd
qeFnyrrsUwW8Ww_ojxcssQ,6eaa02e5bcf78db5386683d38fa2dabd
_e56IaLWRU9RTdRDbqtLEg,6eaa02e5bcf78db5386683d38fa2dabd
zcoPjPRU_gtzkUXXa07Tzw,6eaa02e5bcf78db5386683d38fa2dabd
HF7NNHZXHyTVyOON26mBHg,6eaa02e5bcf78db5386683d38fa2dabd
LklghlHetMds8vGlEshMjg,6eaa02e5bcf78db5386683d38fa2dabd
T7KT5Ag16ySOq4LDwbkUoQ,6eaa02e5bcf78db5386683d38fa2dabd
v7910-DAd5gQuRcJTi953A,6eaa02e5bcf78db5386683d38fa2dabd
WsBJnjMAy2KOIE9InQupug,6eaa02e5bcf78db5386683d38fa2dabd
3zaU9jNhg_plHlTJGJbENg,6eaa02e5bcf78db5386683d38fa2dabd
1kIQ8te28ErAK-dFyLHcaA,6eaa02e5bcf78db5386683d38fa2dabd
I_htQGvBNVkH2j1zaEfANQ,983e58671adcc67af94457d7887dbb15
VznOFJQbZ9PZKrzdXkkiiA,983e58671adcc67af94457d7887dbb15
JIlC64DUU57S5PDmtPb9yA,983e58671adcc67af94457d7887dbb15
hIPlc-k-0-g6oTcH1C5BZQ,983e58671adcc67af94457d7887dbb15
s7RG7BBV4Yp0r6OaJ6wPwQ,983e58671adcc67af94457d7887dbb15
n756OL-fbe0sOKAMEfsphg,983e58671adcc67af94457d7887dbb15
o-AGcEVVbNDk3_SCEhNERg,983e58671adcc67af94457d7887dbb15
j-teQtiryfYDm_OJiSvGVw,797ff1725f8d2b18337de51e240ff60d
viIkP8GvprnuDSMWVc-8fw,797ff1725f8d2b18337de51e240ff60d
qojkMf7X9QjjTBMpsFIkiw,797ff1725f8d2b18337de51e240ff60d
WSydilwKsDcBfGODExHHJQ,797ff1725f8d2b18337de51e240ff60d
2KcGg4og_5ViWNs2WyKIdQ,797ff1725f8d2b18337de51e240ff60d
4dx9reXFn8EINhbHrBiYgw,797ff1725f8d2b18337de51e240ff60d
FEqXdPjcbE5tTTPWHnwtkw,797ff1725f8d2b18337de51e240ff60d
fExtjpt8trKzZC-_tFDH-w,797ff1725f8d2b18337de51e240ff60d
CseWcX_WffrIF95u25qGXw,797ff1725f8d2b18337de51e240ff60d
kx92VyzuatqMLO-UGhfJKw,797ff1725f8d2b18337de51e240ff60d
l33KtjOlGzN_Q8ceGJ2NGg,e1ff428dadc7c32141b9d89a7b56728a
FkhnsXK5JYUsA-dCYoJQNA,012d3e06901cc222b1c2cf0a2ace3a29
JqTBmUiEbQ_tFt_wtKjQGw,012d3e06901cc222b1c2cf0a2ace3a29
Jkaobpsv1AKThgRQbqd7aA,475627e149c1a6ba73caac8d8d2fa617
4EV_ZcQmjAmP3pmO-_nb2A,1b4c6f63f4bfbbd983992dbdca776865
cKJ2YNQ-fMlJS2eWS_N7jQ,1b4c6f63f4bfbbd983992dbdca776865
eWoyUHGA44U6jCdXDhRfIQ,1b4c6f63f4bfbbd983992dbdca776865
emeaXJIk6jy4Vb8r1wnkxg,1b4c6f63f4bfbbd983992dbdca776865
3jyz605NGvJV6uId5tjf9Q,1b4c6f63f4bfbbd983992dbdca776865
kmYutX-6Vo2EgvwAHU0c8w,1b4c6f63f4bfbbd983992dbdca776865
2ANDBIhkoO4SS07RK2GDyg,1b4c6f63f4bfbbd983992dbdca776865
-P961fNkJNpTfO4L1DAbSA,1b4c6f63f4bfbbd983992dbdca776865
_nNUhU9r-93hCkMLljg7Jw,1b4c6f63f4bfbbd983992dbdca776865
sMqd9yflL4GiRD22bCl7WA,1b4c6f63f4bfbbd983992dbdca776865
AUBRwXtPavV6IhPHX4GRSQ,1b4c6f63f4bfbbd983992dbdca776865
s3loU-mRXSYos-_hvVY3RA,1b4c6f63f4bfbbd983992dbdca776865
lkawl3pb77G-K8xVocaJ_Q,1b4c6f63f4bfbbd983992dbdca776865
pvRp-rIAgTnooesjeCj3Dw,1b4c6f63f4bfbbd983992dbdca776865
_h4EJzahR9-YQSgv4b8u9Q,1b4c6f63f4bfbbd983992dbdca776865
hZb77OFyASOJMGAJCfwDVA,1b4c6f63f4bfbbd983992dbdca776865
-d-_pDV5qIyZsTjGihCwdA,1b4c6f63f4bfbbd983992dbdca776865
l184Y1d3oAa5_Al4YIaRjQ,1bca0e944a4faf170db82793414b03ab
bCJJDgKVudbaFL5-2gMm3Q,1bca0e944a4faf170db82793414b03ab
eIjgojlxRxC77-PZQkIo6w,1bca0e944a4faf170db82793414b03ab
jPvAuma6y7Wf5XskgN6qKg,1bca0e944a4faf170db82793414b03ab
kyKSPGalAGSUdEv38Cx9Uw,1bca0e944a4faf170db82793414b03ab
X6BwoRVw9SZllZ4jAMfdSQ,1bca0e944a4faf170db82793414b03ab
Xno26mcyiOtgHoUkJ0gGIQ,1bca0e944a4faf170db82793414b03ab
pP9eottHTBCGW9uEBR5myw,1bca0e944a4faf170db82793414b03ab
bNd0KN1pI-1XNlCq8JF--Q,0cee06d7d10f7d3162cea03d22b7beed
9KgB4mKZnW7GRU3zjPcxvw,0cee06d7d10f7d3162cea03d22b7beed
vEMHHSQW9JDBnBkGoQ5i1w,0cee06d7d10f7d3162cea03d22b7beed
MTtZkpq2ALQFlLaM2AK91A,0cee06d7d10f7d3162cea03d22b7beed
I5dIeOqjOL-AnoH9OLNh_Q,0cee06d7d10f7d3162cea03d22b7beed
xieW0hEoCWIFzavfJbWK4w,0cee06d7d10f7d3162cea03d22b7beed
TDT5DiZ9preK1ad0AFLlDw,0cee06d7d10f7d3162cea03d22b7beed
KAkycZxNCavRvN5_XKAHNw,f62bc2bfe9a0a563d5b6745ce6d962ba
C-ddZ2lcotmzqf-grZbs1w,f62bc2bfe9a0a563d5b6745ce6d962ba
8HRKVSGAHBazLZFeeVJBsQ,f62bc2bfe9a0a563d5b6745ce6d962ba
fypxzyH9vQ3yO8mBTmiMqA,fbb1d30d7f30b049873f5be5688563d4
hoTL3Z09TEpIzWcX5YAk3w,fbb1d30d7f30b049873f5be5688563d4
9QJ5_oSo5dl5Xi8fZ_vddg,fbb1d30d7f30b049873f5be5688563d4
oHLb2hTklvXCTSnMFpciog,fbb1d30d7f30b049873f5be5688563d4
18J36O-RtwKjemcr8AKadA,fbb1d30d7f30b049873f5be5688563d4
_FilivvpCbfT3vac3P_oiA,fbb1d30d7f30b049873f5be5688563d4
O1LDlBOV-MuJE9l5F1ewsQ,fbb1d30d7f30b049873f5be5688563d4
gUDUj1v1VcSaR_7QLLQtNg,fbb1d30d7f30b049873f5be5688563d4
hm8sZmShmdxcAZxIyBDPjg,fbb1d30d7f30b049873f5be5688563d4
2rRb62ldXtzADt07WtI0AA,fbb1d30d7f30b049873f5be5688563d4
gvP4ILEOHSJ7lja8H0mqig,fbb1d30d7f30b049873f5be5688563d4
_i3YZocozAfEWTRIJX3HTQ,fbb1d30d7f30b049873f5be5688563d4
aADVJzZ5KouzRm66BD7DHA,fbb1d30d7f30b049873f5be5688563d4
UStCIwJABUE5ri2njFTeKA,fbb1d30d7f30b049873f5be5688563d4
0Br1NRv_mxeFNz6-zqJahQ,fbb1d30d7f30b049873f5be5688563d4
uyTRqJvQhnK8mOqV6AJeLQ,fbb1d30d7f30b049873f5be5688563d4
9xnZfOKkWXsaMYfIj3cx0g,fbb1d30d7f30b049873f5be5688563d4
O83jJMrY9ZowMNTmYlfrhw,fbb1d30d7f30b049873f5be5688563d4
8UvuwVsDEyGjPsY2hEKm2A,fbb1d30d7f30b049873f5be5688563d4
c_XLPDxwemBejfceE3CBkg,fbb1d30d7f30b049873f5be5688563d4
lApzXZaTXnsm5n8Ncc4yQw,fbb1d30d7f30b049873f5be5688563d4
3TGGEz-1YHGYlrM1QTjUyg,fbb1d30d7f30b049873f5be5688563d4
j09NT31AigVf8nexQR6P7A,fbb1d30d7f30b049873f5be5688563d4
O5tu2zGAi0QtWDm-ntWJJQ,fbb1d30d7f30b049873f5be5688563d4
EeoqAG5ST9WPPHFiNKMgrA,fbb1d30d7f30b049873f5be5688563d4
U43N7XRyuC5q5tyoQuluVA,fbb1d30d7f30b049873f5be5688563d4
y3T7igWjA9H8U8RDvSJRGQ,fbb1d30d7f30b049873f5be5688563d4
y1fDCgz1Bw9IbZqOx87WyQ,fbb1d30d7f30b049873f5be5688563d4
_yXZaBSbGTdvz0bcJ7hzrQ,fbb1d30d7f30b049873f5be5688563d4
a4gSpd2bnghmMEiMZsMqkQ,fbb1d30d7f30b049873f5be5688563d4
MzPOmxFhXfZ9BJ3egLTaFw,fbb1d30d7f30b049873f5be5688563d4
9J0Vfl6wJusqvbMT3jQJjw,d67640af1b3b3b3ce47169dbc9182470
CkL93P0s4GeUihqWkiPi0g,198810b9b0af5d229d1b6fa12c620e06
1nBhPHD4j_vMs0GlOqjctw,198810b9b0af5d229d1b6fa12c620e06
gfj2Nyut-fEjWOMQBjQ7xg,198810b9b0af5d229d1b6fa12c620e06
vTPO6coQgKb7rDrLzFdqhQ,198810b9b0af5d229d1b6fa12c620e06
y4vjMBAda7zdSglUnurecg,198810b9b0af5d229d1b6fa12c620e06
1cLwr5seljEEtxalUaN-gw,198810b9b0af5d229d1b6fa12c620e06
w3HSOOqJednBOYbO3fajvQ,08c7a90bf297fde8c1f1156db13987d4
b8hOuhfKH_NSacq22pw8Sg,08c7a90bf297fde8c1f1156db13987d4
FHT6xHg8qhbJskGPnqOl7w,08c7a90bf297fde8c1f1156db13987d4
Z7el8tD1s7WF7p9J_D6BQg,08c7a90bf297fde8c1f1156db13987d4
tU4mzPa6-8Cv1Xtcke-PMA,08c7a90bf297fde8c1f1156db13987d4
gMhOzTi6EpCCgybYHZ0maw,c52e51e3288a00993bdf892fdc2c2c2c
Sl2d6CgtphU2lh7YY_KgZA,7d231a181d21056e4ba80c4d9939fe92
zu58Fz_lur97NGf4GjwQYA,7d231a181d21056e4ba80c4d9939fe92
VPqWLp9kMiZEbctCebIZUA,7181df50ee1d1a05559399211382b7c8
VlV2pcklu5HY32F5MhIgIg,7181df50ee1d1a05559399211382b7c8
Bznl0qYDT-V6DIVkimUBKw,7181df50ee1d1a05559399211382b7c8
vtGxOG7DVS7ftBzRW94uDA,7181df50ee1d1a05559399211382b7c8
741SMgw6IZUEuQOCqzcSfg,7181df50ee1d1a05559399211382b7c8
ArAU-fNFnbgzkaekuXLBpA,7181df50ee1d1a05559399211382b7c8
Iwr76dKTCjFY0ukCRUg4rQ,7181df50ee1d1a05559399211382b7c8
zMQNKgVrav_zVsiZYi3jNg,7181df50ee1d1a05559399211382b7c8
mbK6zWkSQKqoPZ5Kq_Joeg,7181df50ee1d1a05559399211382b7c8
cw1SgRYD7uubwovcGg18kQ,7181df50ee1d1a05559399211382b7c8
wQX_TZqgV-xJH6aNNPwayA,7181df50ee1d1a05559399211382b7c8
vJ3oPSOWKBkLhl6bTuGBjw,7181df50ee1d1a05559399211382b7c8
TyxGpeuPBkCpOhiZGB-mxg,7181df50ee1d1a05559399211382b7c8
UAYCq0BHeHLYGCEBslpj1g,7181df50ee1d1a05559399211382b7c8
TYeVPg7eqJd3THXG4nCyiQ,7181df50ee1d1a05559399211382b7c8
LKpCvxmKWJvUINrnr8TEuQ,7181df50ee1d1a05559399211382b7c8
sY5EJemDoHXY2Exm0BnyOA,7181df50ee1d1a05559399211382b7c8
J-cW4KLZbwv0o_QdC3dlrw,7181df50ee1d1a05559399211382b7c8
_euBl_vh5YewBn0vj3H6KQ,7181df50ee1d1a05559399211382b7c8
7tIxSphGp1--Vxt-yckHCA,7181df50ee1d1a05559399211382b7c8
_hgnabctXKOVhiU6XkbxQg,7181df50ee1d1a05559399211382b7c8
AUZzqFeoDjDwIsM53a1ngA,7181df50ee1d1a05559399211382b7c8
F7wUp0MF5aCHqRYF-BDshQ,7181df50ee1d1a05559399211382b7c8
uq0_r1t-uJjkIEjDzjYQ4A,7181df50ee1d1a05559399211382b7c8
umte7GLxBTtPdq_pNw7O6Q,7181df50ee1d1a05559399211382b7c8
L-alNHz3NBkZR-S6xRnVjQ,7181df50ee1d1a05559399211382b7c8
PNX8AJe8tAsPuphmHkRXAw,7181df50ee1d1a05559399211382b7c8
z_4L33kItkBtPbTi9x8U0A,7181df50ee1d1a05559399211382b7c8
aj370RcMGOEqF8VE0NrntA,7181df50ee1d1a05559399211382b7c8
WRnxXo0s1SMaOJQqHLpVbg,7181df50ee1d1a05559399211382b7c8
IodhlSsnEIp37rPd3ZvbGA,7181df50ee1d1a05559399211382b7c8
rgNHvUAnac_InHXkTM58VA,7181df50ee1d1a05559399211382b7c8
zSI_0yNVgHyrcgV3rciOvg,7181df50ee1d1a05559399211382b7c8
pencSqtdwE5muNyxoU7WZg,7181df50ee1d1a05559399211382b7c8
EG1VSlaAXq9F3b3DxH8gwA,7181df50ee1d1a05559399211382b7c8
z6trOrTToeMg6B-gn_3lGw,fe0c57d04d6e682d284d501446095fc9
D4OfLaGT7sA5-N6J09L6UQ,b10d422b045805f1c350c47c983381e8
G6OHz1yM0QALHZX-UR0E7Q,b10d422b045805f1c350c47c983381e8
RgIFM9UZr3x6phaA5fmAnw,b10d422b045805f1c350c47c983381e8
-OPJmI98OfSf9mNHC_VLYA,4e8fdc99e77ba1b70d90e124a704d0c1
x6cfLWWETlWd2V0-f5kFiQ,4e8fdc99e77ba1b70d90e124a704d0c1
HTJTTobu5hXM2Xgqj8OBgg,b562f08327af465e4531e20226789489
GFxuWKBC0QYzpoJKLi69qg,b562f08327af465e4531e20226789489
toPPjFXtNZPJ-C14R5DpPw,b562f08327af465e4531e20226789489
mcSFyiIU-ekK-wFm-I_mNg,b562f08327af465e4531e20226789489
cVTbruAN8w8rB6pm7MR0YQ,b562f08327af465e4531e20226789489
HEv5_DxHSWCcpAUtKbBRKA,b562f08327af465e4531e20226789489
iHHnZb1YEP9vRXOc6-7Nrw,b562f08327af465e4531e20226789489
CnNMviSZlQGhWh8NcUOyRw,b562f08327af465e4531e20226789489
Vtmuv3UZsUDr7q1JIngzLg,b562f08327af465e4531e20226789489
IVa3Osaz6QtPAB2r31kBDQ,b562f08327af465e4531e20226789489
8WgRC4yd4jJqYEOJJMj4dQ,b562f08327af465e4531e20226789489
QxuX7zibghAjZTAgxE-WXg,b562f08327af465e4531e20226789489
KEloJNHTaE-OLkvWIrqgjA,b562f08327af465e4531e20226789489
MeFTMrfy476JsWHR6wEJbA,b562f08327af465e4531e20226789489
zJFR6pBdPsuqBve9pmtg0Q,4ac99b928a91d8ccb785c9d0b805adb6
r3o9ol2VT7ijHG7Ckxq_Sg,4ac99b928a91d8ccb785c9d0b805adb6
fnFaXywPOiFQlw7-bj6Bbw,4ac99b928a91d8ccb785c9d0b805adb6
uNgTjA9ADe_6LWby20Af8g,99c81f71db35911c79a86a1c5edc5604
QKnRngxSLkD6VdHphaz18g,99c81f71db35911c79a86a1c5edc5604
VvyxV7JAXEYXG73a7gyRng,99c81f71db35911c79a86a1c5edc5604
WJJajrWufzhcnaP43jPIDA,e12234b6f1299d178f34bffaca92f043
nxTqx7zabD7cWkifv_BNmw,e12234b6f1299d178f34bffaca92f043
e-R4nkWuAY4A293yi2QxQQ,e12234b6f1299d178f34bffaca92f043
AHQaqC06uL67BvUrvhWQUg,e12234b6f1299d178f34bffaca92f043
uTLMc2oGsWzITyKULF1lRA,e12234b6f1299d178f34bffaca92f043
QN8OqofO43ZX5gc9ZAbJ-A,e12234b6f1299d178f34bffaca92f043
j0uomBri39Pf9NED_tPteA,e12234b6f1299d178f34bffaca92f043
gdfEAAx8kg1reud4I1OcOw,e12234b6f1299d178f34bffaca92f043
NJ_LaPb3PzreLGDZ7Hgn-g,e12234b6f1299d178f34bffaca92f043
kDznRO6fEUfaTRwSFkEPKQ,e12234b6f1299d178f34bffaca92f043
CyKHHrBeimn5d94FIhAfcQ,e12234b6f1299d178f34bffaca92f043
RMy907_r36OEjHm-sCMM9w,e12234b6f1299d178f34bffaca92f043
i8OKQUZ2zke4aaAAWdzqEw,e12234b6f1299d178f34bffaca92f043
6gTuQ_8_TJO9xC48DmIlNg,e12234b6f1299d178f34bffaca92f043
prD-JYDNBLnMzxATF7G7Mw,e12234b6f1299d178f34bffaca92f043
V__i0ZZ3dZsR_ycFgssMcg,e12234b6f1299d178f34bffaca92f043
hpUVh1wzX2MKSvCkAsuscQ,e12234b6f1299d178f34bffaca92f043
xUE50m7QgWL5Ker5z9Kqvg,e12234b6f1299d178f34bffaca92f043
MNqV5imcJnB1eKRL_b7A2w,e12234b6f1299d178f34bffaca92f043
XB5pDNGwPETHupdD1SDYLw,e12234b6f1299d178f34bffaca92f043
F0xinNwhXK_Sw_Cfr-_ZiQ,e12234b6f1299d178f34bffaca92f043
ajO3_KCeodunpWlQKjQ1_Q,e12234b6f1299d178f34bffaca92f043
8UDbPQNgh6qaQVbeYyJXVg,e12234b6f1299d178f34bffaca92f043
1IkwRzAtmQ_eE_XN7qrkuA,e12234b6f1299d178f34bffaca92f043
J-hVhhssW4M80FiS-sOs8g,e12234b6f1299d178f34bffaca92f043
1vepeNX5_pF877BA4Dp5Jg,e12234b6f1299d178f34bffaca92f043
_nW-PkADsarqrrbnTCbymA,e12234b6f1299d178f34bffaca92f043
lhsezQPwPPI9JbSWz6imxg,e12234b6f1299d178f34bffaca92f043
sXND04u1oIC3voImMsPHdw,e12234b6f1299d178f34bffaca92f043
i3H6ZE5Qokd8exdKslTLpQ,e12234b6f1299d178f34bffaca92f043
JAKcER6BU45bDprMhT7H6Q,e12234b6f1299d178f34bffaca92f043
KcGKZC87nBOARpSq5BLwBQ,e12234b6f1299d178f34bffaca92f043
x3EiyVkIha_VmuhDJL993w,e12234b6f1299d178f34bffaca92f043
8PfirE6YtQA9dwSPG9cR8w,e12234b6f1299d178f34bffaca92f043
IhzdIGFttOuKtwFfffQU4Q,e12234b6f1299d178f34bffaca92f043
q4PBJ_xg3ISRTDY6n4MXHQ,e12234b6f1299d178f34bffaca92f043
JOcI6B4XMy8p0fI5q2Ssmg,e12234b6f1299d178f34bffaca92f043
_01o-KOyx7PLksDpFcKpdg,e12234b6f1299d178f34bffaca92f043
Ev4OaNeVoq6UbKd8774dyA,2ef000bc9d4650d8cc6198c4d570b19f
KF9osr-B-5jzmujeb5lMkA,2ef000bc9d4650d8cc6198c4d570b19f
JMz8y1xj5JiUN1SH5WWBVg,2ef000bc9d4650d8cc6198c4d570b19f
QcobdaSnBNZuqgsRMVWfjQ,2ef000bc9d4650d8cc6198c4d570b19f
gG8I4cBYr705Mk-fTNzlWQ,2ef000bc9d4650d8cc6198c4d570b19f
vPilJXGRLxS4r_Ot4lnmpw,2ef000bc9d4650d8cc6198c4d570b19f
hW3mdzVh1NLJShTEoG1VLw,2ef000bc9d4650d8cc6198c4d570b19f
jaYjyvJYXZn3lNi_tl9Z_A,2ef000bc9d4650d8cc6198c4d570b19f
M8xFgD-yc5odkwbmQWeh5Q,2ef000bc9d4650d8cc6198c4d570b19f
6iOAgzJ0DRZNSKA3FSrrOg,9130f9aa3bb037a04c17e6f2630327e5
4118Aq9LbkvUr4s719uUkA,9130f9aa3bb037a04c17e6f2630327e5
qebPYEXBp8Zo_d7GY50i2w,9130f9aa3bb037a04c17e6f2630327e5
oHYOa9l5aLOQpJ8dF6sDmA,9130f9aa3bb037a04c17e6f2630327e5
3sTVFA9wQQT_7RTUj_g1rw,9130f9aa3bb037a04c17e6f2630327e5
uZOaRCd8SO5FudDmqcqq1A,9130f9aa3bb037a04c17e6f2630327e5
eGbIcqCE6C3m3tNhhtCAcA,9130f9aa3bb037a04c17e6f2630327e5
5nGTOnj9Fwb2hZUP3JQPVg,9130f9aa3bb037a04c17e6f2630327e5
9YXD6Tm3uKOc76Qyu1w4Nw,9130f9aa3bb037a04c17e6f2630327e5
f7jEEU1I96mqji4B65pLBA,9130f9aa3bb037a04c17e6f2630327e5
uN8RKQbslr7qwjNqEFDXfw,b3bb9f58d3530d33a1a09b6be9e973e0
szPJyzsly0a5ZkehLAV1fA,b3bb9f58d3530d33a1a09b6be9e973e0
8O-ieCHwT4AuQD1zTFpQfg,b3bb9f58d3530d33a1a09b6be9e973e0
0c96ecE3bOTmgZscx-GAUA,b3bb9f58d3530d33a1a09b6be9e973e0
tWjcnCAYZfkkQ1C3J_Zctw,b3bb9f58d3530d33a1a09b6be9e973e0
ZT_PSXXxqy8FQant8zaDRw,b3bb9f58d3530d33a1a09b6be9e973e0
7f4AH7Isc9yirRcMQMaaXg,b3bb9f58d3530d33a1a09b6be9e973e0
-SkNedh2bJHPOcKfoFlTvg,b3bb9f58d3530d33a1a09b6be9e973e0
rF6jLBYZaBmdRj-ubUGVgQ,b3bb9f58d3530d33a1a09b6be9e973e0
sRuPQxVVon-EvMz_Nf8HbA,b3bb9f58d3530d33a1a09b6be9e973e0
Inb4J_ZByAMO8H1-XHR0zA,b3bb9f58d3530d33a1a09b6be9e973e0
2iVOBvqYsdjfjly4iYTswQ,b3bb9f58d3530d33a1a09b6be9e973e0
QMHwiOLZgoEiUHZcSgJuJw,b3bb9f58d3530d33a1a09b6be9e973e0
-nnbiBMMbT5gj4zVnxvyuA,b3bb9f58d3530d33a1a09b6be9e973e0
XFkhu9HNNx6fx1Iz6aRPeA,c2f4e05c01ea0d27934ac7dbc50cbd0c
piwi7Au_17aUKuC2S97Nkg,c2f4e05c01ea0d27934ac7dbc50cbd0c
g2-oFy8JVppe929mjc0ICg,c2f4e05c01ea0d27934ac7dbc50cbd0c
0O5VsHtLkUNbxKaeJKGa-A,c2f4e05c01ea0d27934ac7dbc50cbd0c
zXNIn6HJ2bnOSj2iTYpQTg,9a5478470b56379c31cf4e671584d5cc
K1wzSKFgfYXy9C2nGA0bmw,9a5478470b56379c31cf4e671584d5cc
dPO65yVqcXagE8FUbPNruA,9a5478470b56379c31cf4e671584d5cc
t6HuIdPuTn6ywi1cDLmIeg,9a5478470b56379c31cf4e671584d5cc
C_1QbwlLo-CByZ69ngsWRQ,9a5478470b56379c31cf4e671584d5cc
WdywxkSYEc_nw0kqNfRZsg,257715b845828e027ff35dd0f11c971e
oiuMkUcxnTdzeUpCNmVzWA,257715b845828e027ff35dd0f11c971e
Oy9MJpvvmvueeCF9XQRKXw,257715b845828e027ff35dd0f11c971e
C58CusJWfndaAlyAoh6qhg,257715b845828e027ff35dd0f11c971e
wL4J5ytcddYRw_F9GobnlQ,257715b845828e027ff35dd0f11c971e
HmslQtrdkudv1V01AenkLg,257715b845828e027ff35dd0f11c971e
wvaELBqIJercwOK2lgkfDA,257715b845828e027ff35dd0f11c971e
pITkBUEZVcpxKwF348KAtw,257715b845828e027ff35dd0f11c971e
qDwfdcWL588U8mcdQnniNA,257715b845828e027ff35dd0f11c971e
xjribK3LzpJRV5iqesDmqQ,257715b845828e027ff35dd0f11c971e
e-SyplM3q-q_4UAxNHLSQA,257715b845828e027ff35dd0f11c971e
ibM9mR5BAJJxl3d2CgQf2w,257715b845828e027ff35dd0f11c971e
PHCoo-cdQjYBjiaEWlLgtw,257715b845828e027ff35dd0f11c971e
h86MdHhS67MFkiLPc1QojQ,257715b845828e027ff35dd0f11c971e
JUpffsAel3dvPXwIYP3sZw,257715b845828e027ff35dd0f11c971e
XbpaTAMi5G6FAkhsBJMUww,257715b845828e027ff35dd0f11c971e
na8tiUypoPahO4yLgz3eyg,257715b845828e027ff35dd0f11c971e
xm3KG5VybXVgTjMcstq-Tw,257715b845828e027ff35dd0f11c971e
o88HljnvIhsMdckS9Ivctw,257715b845828e027ff35dd0f11c971e
eN9TVzuBb2PFlj-otwulDw,257715b845828e027ff35dd0f11c971e
l-tVS6U7SD3PSZGpHlfzkw,257715b845828e027ff35dd0f11c971e
PprCN672kFl2iBwKXNqRmw,257715b845828e027ff35dd0f11c971e
Qgpw_kunnJLTy03H1x9sRQ,257715b845828e027ff35dd0f11c971e
kETXlfFpjGSM1TSgGvIXKg,257715b845828e027ff35dd0f11c971e
_h4EJzahR9-YQSgv4b8u9Q,257715b845828e027ff35dd0f11c971e
_xeFOxxlokaK3MoyvlzMYw,257715b845828e027ff35dd0f11c971e
LVYaPwt6eiaqvpYfNUMkGQ,257715b845828e027ff35dd0f11c971e
zcK5jbqNkyiTc1pSlqv4cw,257715b845828e027ff35dd0f11c971e
PPD43r16YAHj9t52EhjPwg,257715b845828e027ff35dd0f11c971e
qinu-ulktCf_MfZNkBBh5w,257715b845828e027ff35dd0f11c971e
VPqWLp9kMiZEbctCebIZUA,910027847876403b57f1013c16504688
a7YBnJsJUSg5AnfDM9ZmYg,910027847876403b57f1013c16504688
8-l4x9EYK6JAbMycfrDU3Q,910027847876403b57f1013c16504688
3rymK-sN2iuN3R0crSBQVQ,910027847876403b57f1013c16504688
DudKSeV0CYf3K9ApnihG2A,910027847876403b57f1013c16504688
j8Y5g0hGCTeyIKoVtlJHCg,910027847876403b57f1013c16504688
r1zXupB1vrDB6WLzBf2FDA,910027847876403b57f1013c16504688
QA89npzfKP8-Qd2sGIKfTA,910027847876403b57f1013c16504688
QAmbdy-Cg1GRA-NTSLkcXQ,910027847876403b57f1013c16504688
GwJi5y2V5efOEQSM8UfvcA,910027847876403b57f1013c16504688
ArAU-fNFnbgzkaekuXLBpA,910027847876403b57f1013c16504688
nUEEjgDw9pf8onrNMm1h-Q,910027847876403b57f1013c16504688
ZhOsv4f2cTw8n3K4BgHAAw,910027847876403b57f1013c16504688
CnMFaUx_ALosYlhPA5eCHw,910027847876403b57f1013c16504688
TyxGpeuPBkCpOhiZGB-mxg,910027847876403b57f1013c16504688
UAYCq0BHeHLYGCEBslpj1g,910027847876403b57f1013c16504688
RVPQUgAfhtxxLNAhxxdcwA,910027847876403b57f1013c16504688
Ds1AMqrUJEoh9Yz0PsWT1w,910027847876403b57f1013c16504688
2F8kxi0_JG8y5jTUSYifYA,910027847876403b57f1013c16504688
lbOpkv-F4wS4lb8MouP0DA,910027847876403b57f1013c16504688
mtWaUAXay557IAc5as_HFA,910027847876403b57f1013c16504688
-L-Ep4f3ehcYY_e2R9oOiw,910027847876403b57f1013c16504688
7tIxSphGp1--Vxt-yckHCA,910027847876403b57f1013c16504688
J-cW4KLZbwv0o_QdC3dlrw,910027847876403b57f1013c16504688
baaRyYSG9yF-vaazmvq0lA,910027847876403b57f1013c16504688
AUZzqFeoDjDwIsM53a1ngA,910027847876403b57f1013c16504688
F7wUp0MF5aCHqRYF-BDshQ,910027847876403b57f1013c16504688
gMtungUGzpZ1JtXjIzgLLg,910027847876403b57f1013c16504688
wogsiLj3VX-MhdocJRnpjg,910027847876403b57f1013c16504688
_hgnabctXKOVhiU6XkbxQg,910027847876403b57f1013c16504688
GiMJp0bYZtCaKvfy2U91Qw,910027847876403b57f1013c16504688
dHp4-O-5zOGQzqEXT2jPOw,910027847876403b57f1013c16504688
CB3shsfZekB7G2VaVfc2Dg,910027847876403b57f1013c16504688
Y8uPPQi89LBiAcKlLNsbww,910027847876403b57f1013c16504688
EG1VSlaAXq9F3b3DxH8gwA,910027847876403b57f1013c16504688
uv53DOeffUSM0IMawkZqNQ,06487275cd19694152824c7c3088e8ff
viUq9OyTgOGgcdyuNoey3w,b428c0e64d9b9fdb3bf8e85c95ffdf6b
ia8pxTUrUDta8tmvE348sg,b428c0e64d9b9fdb3bf8e85c95ffdf6b
djKcHZcez6Mtxfdk_i-kLw,b428c0e64d9b9fdb3bf8e85c95ffdf6b
c5huGd2UwzDEsyaZ3bWm7Q,b428c0e64d9b9fdb3bf8e85c95ffdf6b
zIW_FODceS5-f7RmTWLIIw,b7683a86874e6300fd89f4cc0b075f57
w6VnEm6RPDGpiR0rLYH02A,d085c6749a32517e1fb0d070e4128402
RGRrrCyIf1Q3MEzn2XwUhg,c924f6a41b130fad49cfae47271314bc
31ftseRufszpWLykL6nOrQ,9413725a5d3bb5ce2ad0682b07a3ffab
XdQafgsosjlMoewEHGQvkg,9413725a5d3bb5ce2ad0682b07a3ffab
TYeVPg7eqJd3THXG4nCyiQ,9413725a5d3bb5ce2ad0682b07a3ffab
hyy-n-EXHJONT10zi7fN7Q,9413725a5d3bb5ce2ad0682b07a3ffab
-L9LNEE8myyyuBa6UOihEg,9413725a5d3bb5ce2ad0682b07a3ffab
crM1idgY_glhtxXT5kERNg,ce5dccf5a0f190bb4567a2fd93e7971e
pdQ4pZ7x9p9lUPY4JgItMw,ce5dccf5a0f190bb4567a2fd93e7971e
lWnrOBY0qxzv2-6jIyKpNQ,ce5dccf5a0f190bb4567a2fd93e7971e
S9qq5lPxLLNdlw8oTdaBDA,ce5dccf5a0f190bb4567a2fd93e7971e
ATcltJPyrq5MmrQFWcUCGg,ce5dccf5a0f190bb4567a2fd93e7971e
owulvUKp9gAF6rC-smUhng,ce5dccf5a0f190bb4567a2fd93e7971e
gRaH6Xnvr0fI7JvjrfUz5Q,ce5dccf5a0f190bb4567a2fd93e7971e
E9OK8eZuWYmaAsgqURU9Bw,ce5dccf5a0f190bb4567a2fd93e7971e
FTebsTNjJnDZLp8zgaQwqA,ce5dccf5a0f190bb4567a2fd93e7971e
0PI5VNKnhBZMddN_f351tg,ce5dccf5a0f190bb4567a2fd93e7971e
S99na7fw56EIMoS4WGgG5g,ce5dccf5a0f190bb4567a2fd93e7971e
ayccBdB_Pz_9rTb6edbkvA,ce5dccf5a0f190bb4567a2fd93e7971e
TLVNUojVkcFQQf7eGuxQ2Q,ce5dccf5a0f190bb4567a2fd93e7971e
Tk7ifC6y8w19HFV7bzhR-g,ce5dccf5a0f190bb4567a2fd93e7971e
AF4c_vN-Be8K7x4IfYFW7A,ce5dccf5a0f190bb4567a2fd93e7971e
T3DU9lWIbaOtMuYSrKx_8A,ce5dccf5a0f190bb4567a2fd93e7971e
qnTcVjistyXnj-AlaftsXg,ce5dccf5a0f190bb4567a2fd93e7971e
i30z4KTuAdZJH_scFLla1Q,ce5dccf5a0f190bb4567a2fd93e7971e
LVrgMfMwe0u-BjkBILwKGQ,ce5dccf5a0f190bb4567a2fd93e7971e
h1vHMq39YhDrxzpwBPelOA,ce5dccf5a0f190bb4567a2fd93e7971e
Elg0UCjUUNJEDuHvtijM_Q,ce5dccf5a0f190bb4567a2fd93e7971e
AaCgkBEjSZ2IaFOaEbTDxQ,ce5dccf5a0f190bb4567a2fd93e7971e
R45Pdbi4rENjlxEFLC3PxA,ce5dccf5a0f190bb4567a2fd93e7971e
HiBZHwpj7LlOk-MMO74cdA,ce5dccf5a0f190bb4567a2fd93e7971e
fnGjBA5bYSBGxGjyjqfXYg,844aa75af0d3235a86ff827c81395afd
fFTX_P50tynIS4-5PM_OXA,844aa75af0d3235a86ff827c81395afd
aF8kRMM0ehoqwM82yH6Zvw,1d442ad1a71774c82688a45954e47bfd
V2MqBu1-l3PNISA2BkvLSw,1d442ad1a71774c82688a45954e47bfd
jEB1fdlOACZLofxH_Ca2xQ,1d442ad1a71774c82688a45954e47bfd
QcDWy_sCDAWdZjnCIJBSzw,1d442ad1a71774c82688a45954e47bfd
sB69pz8tOErRkHEU7k44nQ,1d442ad1a71774c82688a45954e47bfd
ZuK-D7_UOgfPBu39Crpm1w,1d442ad1a71774c82688a45954e47bfd
LdPw2PKh8vaARVTRaHwVJg,1d442ad1a71774c82688a45954e47bfd
5lxhq0nQJ4OThhSAvoAZ6g,1d442ad1a71774c82688a45954e47bfd
-65-OqxIBL4qdTN5PA-svw,2781435bde344e1b64f1bebac6bc9008
BqOSfSmwWDZzjYzIrBhyNw,3367c1e1dbf73caf7c10e4c96a92f58d
IwujNE6nVlstnFFfMzGbKg,3367c1e1dbf73caf7c10e4c96a92f58d
zz4WGzntV59HqhefV5zigQ,3367c1e1dbf73caf7c10e4c96a92f58d
w-WIdtND5jGIiiYoFjhtmg,3367c1e1dbf73caf7c10e4c96a92f58d
Oix8SM8MDC4MAlY02SLYGg,3367c1e1dbf73caf7c10e4c96a92f58d
WbXySUhibHC0CN-RMVkiSg,3367c1e1dbf73caf7c10e4c96a92f58d
-RStLKSNyENyOK5_kUEPtg,3367c1e1dbf73caf7c10e4c96a92f58d
L96IIQu4qmt6ev0j-7FXWQ,3367c1e1dbf73caf7c10e4c96a92f58d
ixxYlxQkKVa7ujhxpGCQGg,3367c1e1dbf73caf7c10e4c96a92f58d
APDqiTdRp-MfyRs-nhwlRg,3367c1e1dbf73caf7c10e4c96a92f58d
r-UGAU1-PsZ6HNZW237O-Q,3367c1e1dbf73caf7c10e4c96a92f58d
jXY6l5SLQjoJgYdB1QamLQ,3367c1e1dbf73caf7c10e4c96a92f58d
UBw-zff1qqCqGxcbbBuBnA,3367c1e1dbf73caf7c10e4c96a92f58d
kHvHSJyoxibIWJdZQGwlaA,3367c1e1dbf73caf7c10e4c96a92f58d
Pl3eS-erRZGU7U7mqpt3_Q,3367c1e1dbf73caf7c10e4c96a92f58d
S9zoiaAMM-r_8bo269YE0w,3367c1e1dbf73caf7c10e4c96a92f58d
ayajm5BQVgBC6C6UrHFaWQ,3367c1e1dbf73caf7c10e4c96a92f58d
Z4a5aQ1Z3phEgVAvs7pWvQ,3367c1e1dbf73caf7c10e4c96a92f58d
dF5qYrLOxp710HOSWhIZ9g,e9b37f2d9b7b2e2e3ade73f13acb69b2
0bfwNvbJ58pO3TTkZIcr1A,e9b37f2d9b7b2e2e3ade73f13acb69b2
JUbIWP2Ky62dA7JFdgEW3Q,e9b37f2d9b7b2e2e3ade73f13acb69b2
U3L-K3CQsQOSETtmTCxiBQ,e9b37f2d9b7b2e2e3ade73f13acb69b2
zLyC3qN0c5Zg-sfb6eZhQw,e9b37f2d9b7b2e2e3ade73f13acb69b2
0N9E1acBabh4u4bZ_tcrBw,e9b37f2d9b7b2e2e3ade73f13acb69b2
5-6h5lbOmnQpgN54gCR_CQ,e9b37f2d9b7b2e2e3ade73f13acb69b2
zSVlSPVRWk2I9u28cE8brw,e9b37f2d9b7b2e2e3ade73f13acb69b2
rJbPq2B7xVaJW3myVANfRw,e9b37f2d9b7b2e2e3ade73f13acb69b2
QEfis06p6udDdabqxjXmCg,e9b37f2d9b7b2e2e3ade73f13acb69b2
ZHbiidBB8LVmh_hQQbRjig,fffd87607aaae16fbb1f71615cbe7d17
qZzyCmBfsnWDxFFSFYaAIA,fffd87607aaae16fbb1f71615cbe7d17
AkIFoi1W7tFvomCeaFWw8Q,fffd87607aaae16fbb1f71615cbe7d17
r3o9ol2VT7ijHG7Ckxq_Sg,fffd87607aaae16fbb1f71615cbe7d17
t-soDjOlN6XkySHBdhRkKA,da8b6e94f90ad41a3f8de10596992372
jMz_y_-cWMfiZF7Q5snE6Q,da8b6e94f90ad41a3f8de10596992372
vnKoBdTuh2lsUKASMwQYbA,da8b6e94f90ad41a3f8de10596992372
OpagbGwT8j4ydy0sOVtU8g,da8b6e94f90ad41a3f8de10596992372
7Ouec2qlKyXnFrZc1tWIRQ,da8b6e94f90ad41a3f8de10596992372
DmeNxtgASzdsMmWOLeB4Qw,da8b6e94f90ad41a3f8de10596992372
R0Oo9LRcrHQmK_a-iFTiMw,da8b6e94f90ad41a3f8de10596992372
fmxsSXv9IlSBshPQqP3LCQ,da8b6e94f90ad41a3f8de10596992372
FkzUkjxk8GmMz16s0ghyzA,da8b6e94f90ad41a3f8de10596992372
esiq28ryKqk7G_xwDyJxkg,da8b6e94f90ad41a3f8de10596992372
rXABnJdgOUY_SIqrAZwBqg,da8b6e94f90ad41a3f8de10596992372
txxIT2N5F7O2l4Gu2M6DAA,da8b6e94f90ad41a3f8de10596992372
a9P_JDakVrbunkghXHM9ug,da8b6e94f90ad41a3f8de10596992372
yXcyMy3-1buA54a415XeGw,da8b6e94f90ad41a3f8de10596992372
oR5H6u8imOodCpEtW-KmoQ,da8b6e94f90ad41a3f8de10596992372
3dyhY-hBnC8ijKHgSpWdWA,da8b6e94f90ad41a3f8de10596992372
eXtQGDyOYElcAIKcLp1B9w,da8b6e94f90ad41a3f8de10596992372
viTut7TZzcR2Q8HAtqe8Zw,da8b6e94f90ad41a3f8de10596992372
4OJJ7hM_ZLskwCQX3affNA,da8b6e94f90ad41a3f8de10596992372
1UkzvVfUk0_MSTm6G34fMA,da8b6e94f90ad41a3f8de10596992372
HNZTQcWZX1Zga7_fTKyaUA,da8b6e94f90ad41a3f8de10596992372
K2lsn89WFOKdkcF82d4LJw,da8b6e94f90ad41a3f8de10596992372
lY9eVM4ZezL_1ZQZebkj2w,da8b6e94f90ad41a3f8de10596992372
B2UbgKVGP6P7HhD4DtYP8A,da8b6e94f90ad41a3f8de10596992372
Kv9c395EanG-Xv8pp8j_fg,da8b6e94f90ad41a3f8de10596992372
UuUCTiAJOvjDiIHELz_spw,da8b6e94f90ad41a3f8de10596992372
w6ZrZga6rCQgaNk5F5Q7HQ,da8b6e94f90ad41a3f8de10596992372
B6YyCPbktKpy-FQysJotCA,da8b6e94f90ad41a3f8de10596992372
G3xRAjXceBFGjQ-NLaKmTA,da8b6e94f90ad41a3f8de10596992372
NlHqymo3ziBdOTapYzUpPQ,da8b6e94f90ad41a3f8de10596992372
l-nd8Zbp_HUCQeFY_zMRGQ,da8b6e94f90ad41a3f8de10596992372
GSg5v3ZJxmMPrlAXqat8tA,32f70f7ae14ba87523c6286a6c4d5c37
g-WSOodoG-L81DFYWM0FMQ,32f70f7ae14ba87523c6286a6c4d5c37
DJplkq9x17wm2V4vIT4brg,32f70f7ae14ba87523c6286a6c4d5c37
QeHqiRcA9C-6zA-j6_YkIQ,32f70f7ae14ba87523c6286a6c4d5c37
d8Ft7RlTYeR1v4owVyK6Dg,32f70f7ae14ba87523c6286a6c4d5c37
_moR7OXFUl3qDDXaZIhzgg,32f70f7ae14ba87523c6286a6c4d5c37
vlFmmQDfyIWGeS7nml7J3A,32f70f7ae14ba87523c6286a6c4d5c37
RPvSCH2rpBJ7FVWK8gcNZA,32f70f7ae14ba87523c6286a6c4d5c37
1QjDLdVjgwtiBYR5LK7ibQ,32f70f7ae14ba87523c6286a6c4d5c37
9vDRiLnA5UGE2DiWOGQmuw,df5ab349a7a85d4b10da4cc3ec65c607
zknA7-f9PPbBT4FwWK8Ixg,df5ab349a7a85d4b10da4cc3ec65c607
vB_u-YiLvSmXUpdd_8D1LQ,e0318460138ffbf4692005d5b5a9f900
zCyms78zBGARH6z_IhZQGg,db51c556fe50ec1deefbc9697c70cb51
BMtilzWQheOVprAwNoHSTQ,db51c556fe50ec1deefbc9697c70cb51
gCDkegnpW-E7xMxpdwXQRg,db51c556fe50ec1deefbc9697c70cb51
TMJ04QPJx-xf-UtpUk-AMQ,db51c556fe50ec1deefbc9697c70cb51
K3cBzqm55Lvr2_58US5IFw,db51c556fe50ec1deefbc9697c70cb51
X6JLoqZtGWsl7SlhTU0Vhw,db51c556fe50ec1deefbc9697c70cb51
VmAffd4s9Nz5rPJf1FIaCA,db51c556fe50ec1deefbc9697c70cb51
a8Vh-omEM8nePkwpqRRCxQ,db51c556fe50ec1deefbc9697c70cb51
QICqmih79q_lHJQXa00z-g,db51c556fe50ec1deefbc9697c70cb51
CX-NLp9SM3V2ooO9RIOhYg,58a026f0c506caec20697a4f90538450
vwoK7qiP3NLMTPUL5BFQVA,58a026f0c506caec20697a4f90538450
pXmP7esFgo4nGTC5H2cwZw,58a026f0c506caec20697a4f90538450
g5e7KBn26r3cwMx-CvdoHg,58a026f0c506caec20697a4f90538450
juVXvXHmlBpm9WAnpzHh2g,58a026f0c506caec20697a4f90538450
7tG5HXPSwk98q0Cc_ICicQ,0e0aef6fabaa808b3a3cef24657257a4
_-8ejJfWv0xttOgqU8a0NA,0e0aef6fabaa808b3a3cef24657257a4
s_Wc0w6NA4KzRwEG27SL5Q,0e0aef6fabaa808b3a3cef24657257a4
E07HAZDr5pQW9r_T-h1Qcw,0e0aef6fabaa808b3a3cef24657257a4
vdQbDQHPq_nA30ngxEgMJg,0e0aef6fabaa808b3a3cef24657257a4
Yqp6VvqXT-1n1uIog0TiSQ,0e0aef6fabaa808b3a3cef24657257a4
9hyOOymRqYGl_vy8v6B7gg,0e0aef6fabaa808b3a3cef24657257a4
GwJi5y2V5efOEQSM8UfvcA,0e0aef6fabaa808b3a3cef24657257a4
ZhOsv4f2cTw8n3K4BgHAAw,0e0aef6fabaa808b3a3cef24657257a4
CnMFaUx_ALosYlhPA5eCHw,0e0aef6fabaa808b3a3cef24657257a4
Ds1AMqrUJEoh9Yz0PsWT1w,0e0aef6fabaa808b3a3cef24657257a4
-fHqwIU4S-uD9O-ouzhE_A,0e0aef6fabaa808b3a3cef24657257a4
ICte3-u47WK1aIgrkVUOdw,0e0aef6fabaa808b3a3cef24657257a4
bFQBBVUNF3wY6e4RMysDxw,0e0aef6fabaa808b3a3cef24657257a4
ZNHVXE4a4XoodTVdKYSyFw,0e0aef6fabaa808b3a3cef24657257a4
vZkovAEB5N5l1ZtS6aVDnA,90c746df94ce1a12f1f617acfe4a8ce3
DmeNxtgASzdsMmWOLeB4Qw,90c746df94ce1a12f1f617acfe4a8ce3
OpagbGwT8j4ydy0sOVtU8g,90c746df94ce1a12f1f617acfe4a8ce3
0BvstbA_zaIfe6fwtMm-Ow,90c746df94ce1a12f1f617acfe4a8ce3
VZGdyz_NTAouzOqRT9QD_g,90c746df94ce1a12f1f617acfe4a8ce3
R0Oo9LRcrHQmK_a-iFTiMw,90c746df94ce1a12f1f617acfe4a8ce3
BUFt4lRzuOWUmqHBtv7AmQ,90c746df94ce1a12f1f617acfe4a8ce3
RckRmOcX7OtMUDC40Cz3lg,90c746df94ce1a12f1f617acfe4a8ce3
hCkEzE5_7i99LwUSVZyeWA,90c746df94ce1a12f1f617acfe4a8ce3
vnKoBdTuh2lsUKASMwQYbA,90c746df94ce1a12f1f617acfe4a8ce3
wQ7r2WAw0gV-NzbIJKTblw,90c746df94ce1a12f1f617acfe4a8ce3
9cxr2MmECuFfXuNfLNagtA,90c746df94ce1a12f1f617acfe4a8ce3
YEPF7m0OMQaG9Y6tSNu5Eg,90c746df94ce1a12f1f617acfe4a8ce3
dIQLG3NKXUtJ6n95ngnnpw,90c746df94ce1a12f1f617acfe4a8ce3
3dyhY-hBnC8ijKHgSpWdWA,90c746df94ce1a12f1f617acfe4a8ce3
4OJJ7hM_ZLskwCQX3affNA,90c746df94ce1a12f1f617acfe4a8ce3
uBCR1k9n7QNpH-lBRD4fDw,90c746df94ce1a12f1f617acfe4a8ce3
OHMv-_cc0kmRCWV3kM44Bg,90c746df94ce1a12f1f617acfe4a8ce3
0RizLRPuPeUnCOWu94AAyQ,90c746df94ce1a12f1f617acfe4a8ce3
1__7JnVbXznFR35sTFTdBw,90c746df94ce1a12f1f617acfe4a8ce3
K2lsn89WFOKdkcF82d4LJw,90c746df94ce1a12f1f617acfe4a8ce3
ybl1sY4Iw1UPLkRZEkA_jg,90c746df94ce1a12f1f617acfe4a8ce3
yXcyMy3-1buA54a415XeGw,90c746df94ce1a12f1f617acfe4a8ce3
9UbSRTD_Ly2AlJ1hjEt4TA,90c746df94ce1a12f1f617acfe4a8ce3
HNZTQcWZX1Zga7_fTKyaUA,90c746df94ce1a12f1f617acfe4a8ce3
qqyVAosX5mQ7OZl5JlCkjA,90c746df94ce1a12f1f617acfe4a8ce3
7Pk78kX4zdAJoSe-sKRSTw,90c746df94ce1a12f1f617acfe4a8ce3
C0XAvTu4lc0Yl2kz3RjVkg,90c746df94ce1a12f1f617acfe4a8ce3
lY9eVM4ZezL_1ZQZebkj2w,90c746df94ce1a12f1f617acfe4a8ce3
wkYKsZ138ibaChNqCP3nzQ,90c746df94ce1a12f1f617acfe4a8ce3
sTY3enqxs5xdmW66ddoBpA,90c746df94ce1a12f1f617acfe4a8ce3
REMnOqLE8q2Lvk3z6AtBPw,90c746df94ce1a12f1f617acfe4a8ce3
B6YyCPbktKpy-FQysJotCA,90c746df94ce1a12f1f617acfe4a8ce3
G3xRAjXceBFGjQ-NLaKmTA,90c746df94ce1a12f1f617acfe4a8ce3
NlHqymo3ziBdOTapYzUpPQ,90c746df94ce1a12f1f617acfe4a8ce3
oLoO76fZnnci-TOj9xWF1A,1d7e73b3321ebb6713774d376247d9f9
lkesp7bQlPaaANqGlTS1PA,1d7e73b3321ebb6713774d376247d9f9
KzyJgXCdDssMgCFjO-zVQA,1d7e73b3321ebb6713774d376247d9f9
tzJJt5AQjenw-VbUrEnfxw,1d7e73b3321ebb6713774d376247d9f9
5TkywhSsAbrrLIVNzZQasQ,1d7e73b3321ebb6713774d376247d9f9
MOqk2d0VeccHK0lIFK6IFg,1d7e73b3321ebb6713774d376247d9f9
nFxhMiWh2JRfaWW79aj66A,1d7e73b3321ebb6713774d376247d9f9
IXo1IVxa_ACLn6UhK2bjsQ,1d7e73b3321ebb6713774d376247d9f9
g6F_Mdi63zQM5QBVygmJmg,1d7e73b3321ebb6713774d376247d9f9
gBQymRxldIfwI4Iq0oJgEg,1d7e73b3321ebb6713774d376247d9f9
Tn3oDa6GneVCxky2qvVrXQ,1d7e73b3321ebb6713774d376247d9f9
Njt9q1ohZTBXzO-C7fGb5w,1d7e73b3321ebb6713774d376247d9f9
xwd7Nkbuc3zzTpnFuKtU6A,1d7e73b3321ebb6713774d376247d9f9
5rbWt4GTy0SXA6H5-s1QVQ,1d7e73b3321ebb6713774d376247d9f9
CkjGmBJ--cOsQkC7_YIFsA,1d7e73b3321ebb6713774d376247d9f9
smHdOf6ISN9SUJAC_zPKEA,1d7e73b3321ebb6713774d376247d9f9
kNMvrXozJoxLI2RUGFLP3w,1d7e73b3321ebb6713774d376247d9f9
H775-UYXAOmCv5yTPD9BmQ,1d7e73b3321ebb6713774d376247d9f9
9Nt6ptzM3Y2hc1t_l0_y3g,1d7e73b3321ebb6713774d376247d9f9
POgP2QiqScF-oOMHSz7sww,1d7e73b3321ebb6713774d376247d9f9
hEUee1BgREGJylWrBx-yyw,1d7e73b3321ebb6713774d376247d9f9
dTpWAhmNJl6JXgMNCr2_QA,1d7e73b3321ebb6713774d376247d9f9
7GgQIkWJTD9B7LXdFQlp3Q,1d7e73b3321ebb6713774d376247d9f9
nSTLbX9ohf5kiTJjjXlkVA,1d7e73b3321ebb6713774d376247d9f9
tMIfqLxbxmu66RMzxkX8JA,1d7e73b3321ebb6713774d376247d9f9
x-a-ZN6HZtYTZOcpKzH4YA,899f59a9994302e8e1e4be01117ef707
xKqibVPjUXwB6IFZArkB0Q,899f59a9994302e8e1e4be01117ef707
zs0S_2_nNqld_pfcEVnINw,5de0fe55497681d4cc9dd25509cf51ab
upNffrDjq_VNFd7pk8RmAg,5de0fe55497681d4cc9dd25509cf51ab
83XN8Vxi8wr1NoBzvVMtRw,5de0fe55497681d4cc9dd25509cf51ab
OULhS4WGI_mh5gRGLZBySg,2681455ba2d97283998a806b14d3e95c
HhJyqNI0VOge4euARmlN7A,2681455ba2d97283998a806b14d3e95c
l14TILhWRFE3XeyrhK0H6w,2681455ba2d97283998a806b14d3e95c
tUh4NuINdnkbVF16iPc2wQ,2681455ba2d97283998a806b14d3e95c
A8bJPPaY0n1g3hrWxY_ljQ,2681455ba2d97283998a806b14d3e95c
zkib99WfL5VCu7Za5hG6Fw,064a7b39b1dbc4bfc4cf8f454e360c57
SEtBtlzK2NYZ2g2quBjMKQ,064a7b39b1dbc4bfc4cf8f454e360c57
3Gr0u8jsJ9Z7Wo9EaAg45g,064a7b39b1dbc4bfc4cf8f454e360c57
JATtfMT3scC00BGij7FxUg,064a7b39b1dbc4bfc4cf8f454e360c57
Pts_VJ25Jxj2E7gcD2nqQA,064a7b39b1dbc4bfc4cf8f454e360c57
U5qYTzxrA2uhKLtD-3PX5g,9c1397c06e07bf74fc049f1a0872eea0
9R4vBq3BUYom9geOTiFs0w,9c1397c06e07bf74fc049f1a0872eea0
C_ApTM9kMvNfIzOy__jksQ,9c1397c06e07bf74fc049f1a0872eea0
yax1nLC668lb99_zI8Jqsw,9c1397c06e07bf74fc049f1a0872eea0
LiikkUm1Xh7zeC8PiWRvpQ,9c1397c06e07bf74fc049f1a0872eea0
-vI6bprXacH0vNlUp54dMw,9c1397c06e07bf74fc049f1a0872eea0
YUfcu295UuWFJqdUFOx-yA,9c1397c06e07bf74fc049f1a0872eea0
g3Yh8008THTOCaNHuZqt3Q,9c1397c06e07bf74fc049f1a0872eea0
M1kP4u3OmtUEW_9ob8ZH7A,9c1397c06e07bf74fc049f1a0872eea0
xfK9_bAM8JXiYMAV_yXKFQ,9c1397c06e07bf74fc049f1a0872eea0
2SQpPcjdPfEvUJGS5I4PLg,9c1397c06e07bf74fc049f1a0872eea0
lKI0vXhTBOBtE4B5JeBHyQ,9c1397c06e07bf74fc049f1a0872eea0
FeaZ-lTTmi1dKTLC5aFt9w,9763838317308a4766b83696986a157b
s-bZz-wTCvLwlDW-T3nT5A,9763838317308a4766b83696986a157b
jUEU9Xp1Db4ppPKBxAKIBw,9763838317308a4766b83696986a157b
aaBoK-JHQKN_8H69XzpvEQ,9763838317308a4766b83696986a157b
0GcsMb8Td3DkrbfkpXPwAQ,9763838317308a4766b83696986a157b
P49OBTh-N2r_cKb596v6Mg,9763838317308a4766b83696986a157b
OHdcby7tM50qyOOcV9nrvA,c64ee19c62a363019ddbaedf71df2882
VznOFJQbZ9PZKrzdXkkiiA,c64ee19c62a363019ddbaedf71df2882
t9g6KKmAl0dgsftMxGpXPA,c64ee19c62a363019ddbaedf71df2882
vLnt37_PWcAiTvw-SJIJMQ,c64ee19c62a363019ddbaedf71df2882
9ltXAbwXKZa7FECq9tdGgg,c64ee19c62a363019ddbaedf71df2882
4sJgeCWPtd9Hx1OcXXmX_w,421516af381a11f54d07fc79be68d3d3
_4R46MNkwx9MeOyt0YfNxA,6d42fa40360f9a6b2bf641c7b8bb2862
LjdbthVdtLYKSi7iVAFl0g,6d42fa40360f9a6b2bf641c7b8bb2862
K7c5urKrmZ5CZeldngwzig,6d42fa40360f9a6b2bf641c7b8bb2862
cLGh_q9jWTpp53tsj29S-w,6d42fa40360f9a6b2bf641c7b8bb2862
U9JJQA50QgLOloqZpmtxOA,6d42fa40360f9a6b2bf641c7b8bb2862
EmzNcDaS92RDkmZog91gYw,6d42fa40360f9a6b2bf641c7b8bb2862
YfD85gS2NN62rTvFfkuSrg,6d42fa40360f9a6b2bf641c7b8bb2862
TBWsEHR7Bt5qGB2dee_5KA,664502c28e8147615f17b8ea355f40d0
QVz-0evZ4dAbcKESDcTcNw,664502c28e8147615f17b8ea355f40d0
GlYICUHh-vsbdBsdjnRwMg,664502c28e8147615f17b8ea355f40d0
3IxvxZAETdX_eLALwjdfQA,664502c28e8147615f17b8ea355f40d0
mSFD_o9SQB7dxxZJto9i_Q,664502c28e8147615f17b8ea355f40d0
6Q_GJq4hN3hecTRnMgXA0A,664502c28e8147615f17b8ea355f40d0
T4RihRUHcZ6Q5Y6i1NmWxw,664502c28e8147615f17b8ea355f40d0
Rg1i1hva8bW9KaP_xDdEXA,664502c28e8147615f17b8ea355f40d0
sc5jemg-0LMDmYV8tTBFqg,abfaf72456a4828a22f5bf60d3a80777
x63Njqk1QbKT3_QawD4IIQ,abfaf72456a4828a22f5bf60d3a80777
EvVCF3mompCg3PPkpqip2A,abfaf72456a4828a22f5bf60d3a80777
XgOcemy8NPoxwi4LBOrqfw,abfaf72456a4828a22f5bf60d3a80777
LfA9OPsOhDKU-BMJ9fLyog,abfaf72456a4828a22f5bf60d3a80777
tpbj_b1MWaLd8cVjJl5u-w,abfaf72456a4828a22f5bf60d3a80777
77sOC9lw_YMSASa5VyIOUA,ea9485fcdce0611243474d000e4ad248
OP17414UHaTkup2NAhGDwg,ea9485fcdce0611243474d000e4ad248
Mk2ljhV456oyb_dhZ7o1Zw,ea9485fcdce0611243474d000e4ad248
RDm50mfPdFJ1Ob2i0fMbcg,ea9485fcdce0611243474d000e4ad248
n1xMU0r3fNWozj6vYNEnqQ,ea9485fcdce0611243474d000e4ad248
eHvdupgV0L5sLb4bux6HNw,ea9485fcdce0611243474d000e4ad248
fwFhsjAZ8mYZZcGuP-yEUA,ea9485fcdce0611243474d000e4ad248
0xUvtmdisE_Ab3yTe54xYw,ea9485fcdce0611243474d000e4ad248
LBkrc7yHYKV3yNCojGb-Ww,ea9485fcdce0611243474d000e4ad248
z7BKhi0pSm1ttiwdZjg7XQ,ea9485fcdce0611243474d000e4ad248
AdF53ieB7N6C1WpNTZAsZg,ea9485fcdce0611243474d000e4ad248
GXHBkShRgr0X1gKU3p5dFg,ea9485fcdce0611243474d000e4ad248
n0CopEZfuJcmxLJO46LdBg,ea9485fcdce0611243474d000e4ad248
vJmK7E0BILt0G6xtIdQNsw,ea9485fcdce0611243474d000e4ad248
V9SDw_bLLCMKvgouqGq6-w,ea9485fcdce0611243474d000e4ad248
zeP-jy2XxSotrjOBKc6Ajw,ea9485fcdce0611243474d000e4ad248
FdAzDvH3lVmZHE21iE6Yfg,ea9485fcdce0611243474d000e4ad248
EuXzlLx4fIej3sQXRcc8ow,ea9485fcdce0611243474d000e4ad248
W5kx_Jn5IoQi2PlO_hrsxg,ea9485fcdce0611243474d000e4ad248
JqHqj8PBq1CcufPWOtuAbg,ea9485fcdce0611243474d000e4ad248
FmD4x9ClmSzSLKOTV7jfXw,671ce9e4a92063620f772d2c57f0f3ab
7bkFLZH97d8Hs_e5W9eQRw,671ce9e4a92063620f772d2c57f0f3ab
Lnv8SNIQgnoZ-FzLzf19Og,671ce9e4a92063620f772d2c57f0f3ab
P8VnAyKvgChW7KW77Tzj6Q,671ce9e4a92063620f772d2c57f0f3ab
yoCA7b04Q_f_HQX__EDchA,41a55a7e2908fbbd65175b794d26bc8d
-FpRgakkwMrnU8pOmDFRFQ,a59924f0ff3fb481a7bd8a5e9c36858f
5-adl2zPRMgammVOoz5WEg,89a0b49a66e54a7639ad960962148a3e
z8fxGikgDmNaDT-RKp4CTA,89a0b49a66e54a7639ad960962148a3e
aQHQh6UmIbL_73KxZ7cZeQ,89a0b49a66e54a7639ad960962148a3e
2sN6gCCslZrPo5-C7HZ90A,89a0b49a66e54a7639ad960962148a3e
TRYXC-fnNuWe41w-7xVLew,89a0b49a66e54a7639ad960962148a3e
VUWW2_52d567vne5hy1hng,89a0b49a66e54a7639ad960962148a3e
OGlfpaWoE4UnPyDuRCbjIg,89a0b49a66e54a7639ad960962148a3e
as2xQt48ltKKDUQbMCBrMw,6c24a62b5ee0a2a8014eb0dfb6d40025
sGqCaAqgYbUWK8C4sjFBTw,6c24a62b5ee0a2a8014eb0dfb6d40025
OjVRMDAvq93MOmPCd23uCA,6c24a62b5ee0a2a8014eb0dfb6d40025
PPAT6YnBJaJ0B3TpaPN-VQ,6c24a62b5ee0a2a8014eb0dfb6d40025
yQ0MVb_ffIp5xIb6L5LzKw,6c24a62b5ee0a2a8014eb0dfb6d40025
k3C_bH4vPWQxrPifO2kWfA,6c24a62b5ee0a2a8014eb0dfb6d40025
O7yK196WXqGBOxK8KNgVwg,6c24a62b5ee0a2a8014eb0dfb6d40025
DBaxxVNg13ng0_MfosTMJw,6c24a62b5ee0a2a8014eb0dfb6d40025
Tty7XQtzwMMIOp9YuWUABg,6c24a62b5ee0a2a8014eb0dfb6d40025
b_SLh0Zh1qT4ovvPbYr4hA,6c24a62b5ee0a2a8014eb0dfb6d40025
_aGG6e3dWYrKyFNpdK_vpA,6c24a62b5ee0a2a8014eb0dfb6d40025
gkxU0426hMLNuW5l7a0G9w,6c24a62b5ee0a2a8014eb0dfb6d40025
n3q30JsRN3JeqfbPSaLDfQ,6c24a62b5ee0a2a8014eb0dfb6d40025
0_2GeXhNjcOcph_hiINZ6w,6c24a62b5ee0a2a8014eb0dfb6d40025
2q7Fb9nTWK77vkRC9m_Hgg,6c24a62b5ee0a2a8014eb0dfb6d40025
zv6KheIdkR3T9qL6mSHohQ,6c24a62b5ee0a2a8014eb0dfb6d40025
Y8ZoL5K2yHyUVHYpYKao9w,44fc3d58831a9f2b919c7a3a1838b74a
dN_NUGjCjAoEhJOWg9ivTQ,d40db8c27c5bd409d57cfa846f73c378
PzB-695W-NwF7_Ama9WT3g,d40db8c27c5bd409d57cfa846f73c378
kDZTaeUaf78Jd25ktX8a8g,4990fe5772f3b73eebeec125b41e478e
v1SXL8kxvZ31HABeHvtgzA,4990fe5772f3b73eebeec125b41e478e
lQuQy5a4wk0WL7WpP2hwyQ,4990fe5772f3b73eebeec125b41e478e
HJNwJpfspIhfvqtr4cYE2g,4990fe5772f3b73eebeec125b41e478e
SzQ0eGVXc2DAqw0n5r20nw,4990fe5772f3b73eebeec125b41e478e
DX6eXd2OUqGMkVQQBr0EWQ,4990fe5772f3b73eebeec125b41e478e
cHFBCk7HpN8z9HooaqlhTQ,4990fe5772f3b73eebeec125b41e478e
LXKmlreS29hE5MB1nSVXPQ,4990fe5772f3b73eebeec125b41e478e
nwIt2awrSiMhNRVjoQyL3w,4990fe5772f3b73eebeec125b41e478e
dpbT98-hJTgIC40yhtyPpw,bf96df77771ef0ed710d8e0e67917f45
jyU8_T2QNmaBRdjaMpXGDA,bf96df77771ef0ed710d8e0e67917f45
QCJO27ln2mR_kJQr6P3c0g,bf96df77771ef0ed710d8e0e67917f45
6UJ_xG9cR5SWBTKsOqfHeA,bf96df77771ef0ed710d8e0e67917f45
fLvQVaTzxvchHQq9PMmQTQ,bf96df77771ef0ed710d8e0e67917f45
rhkj-58IoZ9p_CvYS3NbOQ,e75e83499d3fa2e174dc2a8ffd238119
7MTK1nzefMtcsz8eM2XYdg,e75e83499d3fa2e174dc2a8ffd238119
-kPDlMIs5DBkQgxWaWvvBQ,e75e83499d3fa2e174dc2a8ffd238119
xhDQ6kdJWnsxmfaGs1nYcA,e75e83499d3fa2e174dc2a8ffd238119
gVnMnxlnb9cVPWJCLEnumg,e75e83499d3fa2e174dc2a8ffd238119
h4hJ1xxFmMPjhNpuPoFQNw,e75e83499d3fa2e174dc2a8ffd238119
wO5ja_RW3Ay9pB3NncbVpQ,e75e83499d3fa2e174dc2a8ffd238119
xLKE3mpDl310Vag2P72XIw,e75e83499d3fa2e174dc2a8ffd238119
pFBYJpcV8f72MOsL7G4M4A,e75e83499d3fa2e174dc2a8ffd238119
KngyixLZ8Zj1jarr-Kv5fw,e75e83499d3fa2e174dc2a8ffd238119
-MpINBxBi1yuLFVzniJFxw,e75e83499d3fa2e174dc2a8ffd238119
6ELhQh_Ha7RHOWBi0XvaXQ,e75e83499d3fa2e174dc2a8ffd238119
EGZABxCmlA3PNwbSYXhLbA,e75e83499d3fa2e174dc2a8ffd238119
-lY3lB_-zDY5EKo0WW1dVA,e75e83499d3fa2e174dc2a8ffd238119
7bKQ2Cu5eyR9pAE_b41l9A,e75e83499d3fa2e174dc2a8ffd238119
xShqhti6TQo5kxWs2fszJQ,e75e83499d3fa2e174dc2a8ffd238119
rGjgks0My54TLG5_L5usSA,e75e83499d3fa2e174dc2a8ffd238119
LGefMpjeO1CRO24hQDvFlw,e75e83499d3fa2e174dc2a8ffd238119
hp3hh2HRdjWs7ui2UKoigA,e75e83499d3fa2e174dc2a8ffd238119
-SVK-4Pzu-GWWLcbumVUGQ,e75e83499d3fa2e174dc2a8ffd238119
1gL7iPGEirkbMLjCfqVBqw,e75e83499d3fa2e174dc2a8ffd238119
9XV_DN6MFTi6jQ6GRQZ9Pw,e75e83499d3fa2e174dc2a8ffd238119
O-BszuZ4AD20e32hnaQ9QQ,e75e83499d3fa2e174dc2a8ffd238119
xLhl95lzE9ycopfQGb1akw,e75e83499d3fa2e174dc2a8ffd238119
bVaSkvDCT_06Gr_6FErR1g,e75e83499d3fa2e174dc2a8ffd238119
kgxIpC_Itwg_cLlUhUB8wQ,e75e83499d3fa2e174dc2a8ffd238119
LhyVEDIcgOzesoHY1E_mJA,e75e83499d3fa2e174dc2a8ffd238119
rhkj-58IoZ9p_CvYS3NbOQ,0438114d2e6b96118de69bc9775bb21e
-kPDlMIs5DBkQgxWaWvvBQ,0438114d2e6b96118de69bc9775bb21e
EGZABxCmlA3PNwbSYXhLbA,0438114d2e6b96118de69bc9775bb21e
xLKE3mpDl310Vag2P72XIw,0438114d2e6b96118de69bc9775bb21e
h4hJ1xxFmMPjhNpuPoFQNw,0438114d2e6b96118de69bc9775bb21e
KngyixLZ8Zj1jarr-Kv5fw,0438114d2e6b96118de69bc9775bb21e
wO5ja_RW3Ay9pB3NncbVpQ,0438114d2e6b96118de69bc9775bb21e
Ioo3FfjgrfUD1ofm9dS9tQ,0438114d2e6b96118de69bc9775bb21e
pFBYJpcV8f72MOsL7G4M4A,0438114d2e6b96118de69bc9775bb21e
-MpINBxBi1yuLFVzniJFxw,0438114d2e6b96118de69bc9775bb21e
xShqhti6TQo5kxWs2fszJQ,0438114d2e6b96118de69bc9775bb21e
-lY3lB_-zDY5EKo0WW1dVA,0438114d2e6b96118de69bc9775bb21e
hp3hh2HRdjWs7ui2UKoigA,0438114d2e6b96118de69bc9775bb21e
rGjgks0My54TLG5_L5usSA,0438114d2e6b96118de69bc9775bb21e
LGefMpjeO1CRO24hQDvFlw,0438114d2e6b96118de69bc9775bb21e
-SVK-4Pzu-GWWLcbumVUGQ,0438114d2e6b96118de69bc9775bb21e
1gL7iPGEirkbMLjCfqVBqw,0438114d2e6b96118de69bc9775bb21e
9XV_DN6MFTi6jQ6GRQZ9Pw,0438114d2e6b96118de69bc9775bb21e
xLhl95lzE9ycopfQGb1akw,0438114d2e6b96118de69bc9775bb21e
bVaSkvDCT_06Gr_6FErR1g,0438114d2e6b96118de69bc9775bb21e
kgxIpC_Itwg_cLlUhUB8wQ,0438114d2e6b96118de69bc9775bb21e
LhyVEDIcgOzesoHY1E_mJA,0438114d2e6b96118de69bc9775bb21e
pJge_LJ3NV8iQtrERe6AyQ,07b13214cb69f2ec007d888450f3d6bc
i7ybVsoTF1L_Dh8TmJokQQ,07b13214cb69f2ec007d888450f3d6bc
Zi8Ywk36Ws_4zjw2gjMMFA,07b13214cb69f2ec007d888450f3d6bc
KN9zCrgwHj_iWQGEf3Vzyw,07b13214cb69f2ec007d888450f3d6bc
rZNgrcmNQWqxS54FiNvxJw,07b13214cb69f2ec007d888450f3d6bc
ovjumOkIMjG36JGdhdTNUA,07b13214cb69f2ec007d888450f3d6bc
pQsTrwmMl9qRlXaJ9_RCzw,07b13214cb69f2ec007d888450f3d6bc
lI_MtIincsGqUGMmvzEZRw,07b13214cb69f2ec007d888450f3d6bc
E1W37ovBz6IVo5SEHVfD0g,f5e8fa1fc4252bda2f93dd27ed2d603f
cH37SRKLy26PvjViLkO-Bg,f5e8fa1fc4252bda2f93dd27ed2d603f
lkesp7bQlPaaANqGlTS1PA,f5e8fa1fc4252bda2f93dd27ed2d603f
gBQymRxldIfwI4Iq0oJgEg,f5e8fa1fc4252bda2f93dd27ed2d603f
KzyJgXCdDssMgCFjO-zVQA,f5e8fa1fc4252bda2f93dd27ed2d603f
vOzWw7aykvQY1HpD7RwTVQ,f5e8fa1fc4252bda2f93dd27ed2d603f
_mdM049YVXh1Fuhr4aFNuA,f5e8fa1fc4252bda2f93dd27ed2d603f
5rbWt4GTy0SXA6H5-s1QVQ,f5e8fa1fc4252bda2f93dd27ed2d603f
AMFubtiJVDWG6uOT2fWVEA,f5e8fa1fc4252bda2f93dd27ed2d603f
xwd7Nkbuc3zzTpnFuKtU6A,f5e8fa1fc4252bda2f93dd27ed2d603f
h5ols5d6PMFVxiRp-_Dg8w,f5e8fa1fc4252bda2f93dd27ed2d603f
hEUee1BgREGJylWrBx-yyw,f5e8fa1fc4252bda2f93dd27ed2d603f
POgP2QiqScF-oOMHSz7sww,f5e8fa1fc4252bda2f93dd27ed2d603f
VTlIxJgdDEcD-LbAt0ceZA,f5e8fa1fc4252bda2f93dd27ed2d603f
H775-UYXAOmCv5yTPD9BmQ,f5e8fa1fc4252bda2f93dd27ed2d603f
bRupNgXLrQPHkaFzmRop-w,f5e8fa1fc4252bda2f93dd27ed2d603f
iafE2JEpZ_ipd89tlk1MTA,c2a9c5d0e4578b928554c86f3d2c1162
WiAyM-mANK9NajRzbFerQw,c2a9c5d0e4578b928554c86f3d2c1162
uZGQy70xpYkUzQxTpKoXaA,c2a9c5d0e4578b928554c86f3d2c1162
gYAHIORi93aXqYmjpexkWA,c2a9c5d0e4578b928554c86f3d2c1162
JSyZ923gqxPUXmKnJ8NOKw,c2a9c5d0e4578b928554c86f3d2c1162
Fx-giT_q_5JVhq8Ytoi35A,c2a9c5d0e4578b928554c86f3d2c1162
iNq47BcpcCTOSh9s0nbONw,c2a9c5d0e4578b928554c86f3d2c1162
G0AhQcShT2j0jAxnif76VQ,c2a9c5d0e4578b928554c86f3d2c1162
jH5-I1Mcyp7c-V36X8Ofbw,c2a9c5d0e4578b928554c86f3d2c1162
rups8UCrLOGJz5EIWnwC8Q,c2a9c5d0e4578b928554c86f3d2c1162
xm5NhlM4lJ8i2WWOUKumgg,c2a9c5d0e4578b928554c86f3d2c1162
F1-opBDlPlAOIANNsJkHSg,c2a9c5d0e4578b928554c86f3d2c1162
6Q_GJq4hN3hecTRnMgXA0A,c2a9c5d0e4578b928554c86f3d2c1162
42-yCTO4gFzU6y1VrJ_eyA,c2a9c5d0e4578b928554c86f3d2c1162
C58CusJWfndaAlyAoh6qhg,5f45325fdd6334a4c0d3b62853b19fa6
HmslQtrdkudv1V01AenkLg,5f45325fdd6334a4c0d3b62853b19fa6
02cGvRTfVXeHWYkoiyj6wA,5f45325fdd6334a4c0d3b62853b19fa6
wvaELBqIJercwOK2lgkfDA,5f45325fdd6334a4c0d3b62853b19fa6
e-SyplM3q-q_4UAxNHLSQA,5f45325fdd6334a4c0d3b62853b19fa6
3jyz605NGvJV6uId5tjf9Q,5f45325fdd6334a4c0d3b62853b19fa6
10Nm1R0CTRNvpz3cQE4WJw,5f45325fdd6334a4c0d3b62853b19fa6
emeaXJIk6jy4Vb8r1wnkxg,5f45325fdd6334a4c0d3b62853b19fa6
sTBkQcgxwzJCxYLErBct2A,5f45325fdd6334a4c0d3b62853b19fa6
ibM9mR5BAJJxl3d2CgQf2w,5f45325fdd6334a4c0d3b62853b19fa6
PHCoo-cdQjYBjiaEWlLgtw,5f45325fdd6334a4c0d3b62853b19fa6
h86MdHhS67MFkiLPc1QojQ,5f45325fdd6334a4c0d3b62853b19fa6
XbpaTAMi5G6FAkhsBJMUww,5f45325fdd6334a4c0d3b62853b19fa6
-P961fNkJNpTfO4L1DAbSA,5f45325fdd6334a4c0d3b62853b19fa6
shP13YfLqM45sMC3_htU-w,5f45325fdd6334a4c0d3b62853b19fa6
8PGnQpPa-LeX8Fjn6I-a3A,5f45325fdd6334a4c0d3b62853b19fa6
_h4EJzahR9-YQSgv4b8u9Q,5f45325fdd6334a4c0d3b62853b19fa6
cTqWJrOKdYOAUqGGaOQ3VA,5f45325fdd6334a4c0d3b62853b19fa6
o88HljnvIhsMdckS9Ivctw,5f45325fdd6334a4c0d3b62853b19fa6
xm3KG5VybXVgTjMcstq-Tw,5f45325fdd6334a4c0d3b62853b19fa6
JUxwg8u6MQZsQiDfkFrPPw,5f45325fdd6334a4c0d3b62853b19fa6
Sg4sTlB1zvn7lNFTFfzyaw,5f45325fdd6334a4c0d3b62853b19fa6
eN9TVzuBb2PFlj-otwulDw,5f45325fdd6334a4c0d3b62853b19fa6
l-tVS6U7SD3PSZGpHlfzkw,5f45325fdd6334a4c0d3b62853b19fa6
na8tiUypoPahO4yLgz3eyg,5f45325fdd6334a4c0d3b62853b19fa6
sMqd9yflL4GiRD22bCl7WA,5f45325fdd6334a4c0d3b62853b19fa6
Qgpw_kunnJLTy03H1x9sRQ,5f45325fdd6334a4c0d3b62853b19fa6
_xeFOxxlokaK3MoyvlzMYw,5f45325fdd6334a4c0d3b62853b19fa6
JpdipC3unJV6SOL96o2EyQ,5f45325fdd6334a4c0d3b62853b19fa6
kETXlfFpjGSM1TSgGvIXKg,5f45325fdd6334a4c0d3b62853b19fa6
-d-_pDV5qIyZsTjGihCwdA,5f45325fdd6334a4c0d3b62853b19fa6
hZb77OFyASOJMGAJCfwDVA,5f45325fdd6334a4c0d3b62853b19fa6
LVYaPwt6eiaqvpYfNUMkGQ,5f45325fdd6334a4c0d3b62853b19fa6
zcK5jbqNkyiTc1pSlqv4cw,5f45325fdd6334a4c0d3b62853b19fa6
PPD43r16YAHj9t52EhjPwg,5f45325fdd6334a4c0d3b62853b19fa6
w4akEdaAoTT-bIgStOqeng,fad9ebcf614dd1a72593a34072ff76f8
dplKdpONowTjlPZvq0wSRw,fad9ebcf614dd1a72593a34072ff76f8
4Jy91qPZMh5mwDDlI_k5Rw,fad9ebcf614dd1a72593a34072ff76f8
WAoOGyNniFmpksKjPysagQ,fad9ebcf614dd1a72593a34072ff76f8
E7rCbN5nny2E3qSQkGbFag,fad9ebcf614dd1a72593a34072ff76f8
gqlCIx_XkewX9CXItg1wJA,fad9ebcf614dd1a72593a34072ff76f8
YAODi86ea8xXWeZ-ML-vJQ,fad9ebcf614dd1a72593a34072ff76f8
ryW0Nz3AQgNCnOMoj1JfMQ,fad9ebcf614dd1a72593a34072ff76f8
jOPBrFDbC6-uFZqsudt8HA,fad9ebcf614dd1a72593a34072ff76f8
7IEri8uI2BYJrV5ID5ra_A,fad9ebcf614dd1a72593a34072ff76f8
athsEE80NL2TcTrxyZsAqw,fad9ebcf614dd1a72593a34072ff76f8
0VWql1cRl5RO05AqhwFSFA,085a0e120a08a80a58c0ae0ff9da565a
f5MgJWPI7iV6SPncUBKXdQ,8d5f47f01d7ad668419dfe9b7fe69c9a
zJFR6pBdPsuqBve9pmtg0Q,bede4b24dae115d4cd43d2e6cc9812cb
gWf9MawvbDDWRMF95TlZ6A,bede4b24dae115d4cd43d2e6cc9812cb
uTCdHnKNyhD0QMf1h4jWoA,bede4b24dae115d4cd43d2e6cc9812cb
n_jcZ9i-HIqFXHGd5he9jw,680b1ddfd50c4397b365c9c00f09b0d1
aS8ySRoMXYubG-DxPFykIg,680b1ddfd50c4397b365c9c00f09b0d1
agMh6QkfpjAxmu0O5fnNPQ,6620c54bd6b3a79800b2b67e999b24d0
6ZD2y9d1LDAhgONyd2Dyrw,6620c54bd6b3a79800b2b67e999b24d0
4hKyTzjEIJIMgkQvm60n0g,6620c54bd6b3a79800b2b67e999b24d0
d7-MqHAYRjMDIdbARrdEpw,6620c54bd6b3a79800b2b67e999b24d0
q3reTj4jxslkpffupk5R0w,7f091b50fbbd892bf9fb869a64c47120
XU4Dm67c8Niqu_fJ7eu5Jg,7f091b50fbbd892bf9fb869a64c47120
RUOzhNmllwLI1M0TzXpcTg,7f091b50fbbd892bf9fb869a64c47120
pb6n2j0VW-dRU6e5WyMpLQ,066ecc3584913fa035ec1417323beb80
lB2_5DHSkc03pZAlLRDctg,066ecc3584913fa035ec1417323beb80
NBiBIk83cYjWnFS8QTJWyg,3a4131fa94946d93d3529136efd62413
Sp3YsEpiW46vpLky8xL2fQ,3a4131fa94946d93d3529136efd62413
TVs90sBGB5xD6cTs9zwSxQ,3a4131fa94946d93d3529136efd62413
23kN4XJq0TtubaPyqTMmMA,b530d04d393d71cffb8b8b07f4a82380
Yrn-MX9VCxEIglXobLtYaQ,b530d04d393d71cffb8b8b07f4a82380
nq5Ms7rb6fVAnq6zm6tIAQ,b530d04d393d71cffb8b8b07f4a82380
4ZReIUb4OypQfuFI-5Uqxg,b530d04d393d71cffb8b8b07f4a82380
HEX1rB4P4xs5i-rJ3r-2bw,b530d04d393d71cffb8b8b07f4a82380
fjfwAlv18YdW_XFtP1kGSA,b530d04d393d71cffb8b8b07f4a82380
HIR6i9GjFr1afuP9z1NL3Q,b530d04d393d71cffb8b8b07f4a82380
tjPIa6NJy9fVhBRMEiG3qA,b530d04d393d71cffb8b8b07f4a82380
xQSs8lTPgsNBpNgXhV2Dmw,7c17f51469f1a7145455f65ef6afbd87
U9C8zUO-MvMQBFGG0Fcafw,7c17f51469f1a7145455f65ef6afbd87
EwnizZggD7z0lX5pny_kug,549f00f6039e8bb702a00dcca08a8ed0
JWJpNkLAqbYzKEP1aj5weA,549f00f6039e8bb702a00dcca08a8ed0
12fHonfwOK7tecqgPYXHhg,549f00f6039e8bb702a00dcca08a8ed0
GufvKqLltzYHW7zd_dLWgw,549f00f6039e8bb702a00dcca08a8ed0
iid0VenH7rIp3AWuyQAAHw,0c42f45e4a14957ad4a6d521d0ba8bc3
rcLuoOWx3QHVRmGtrPt38A,0c42f45e4a14957ad4a6d521d0ba8bc3
FLRlO4S-ei3jRZKIEjiqGw,0c42f45e4a14957ad4a6d521d0ba8bc3
nv0p0Zq3abEU1AttwkuEMQ,0c42f45e4a14957ad4a6d521d0ba8bc3
J8ZMZEx42rXa9cmgNkpEdQ,0c42f45e4a14957ad4a6d521d0ba8bc3
QVlOhxYB33MNHKtNPet9fw,0c42f45e4a14957ad4a6d521d0ba8bc3
dGLqM7wwyytzlkvdMEAMlA,0c42f45e4a14957ad4a6d521d0ba8bc3
vWJIpXo8Gyh2Elco_XlfIw,0c42f45e4a14957ad4a6d521d0ba8bc3
KocpNuvzFZN9ydjM2sP7pw,0c42f45e4a14957ad4a6d521d0ba8bc3
DAvLtqzuCFGtY02zR7OIwQ,0c42f45e4a14957ad4a6d521d0ba8bc3
eOw3NXSHUeQTE7I6IrI5NA,0c42f45e4a14957ad4a6d521d0ba8bc3
VWp6kjkuOV_GY8TELK3B9g,0c42f45e4a14957ad4a6d521d0ba8bc3
8mdGNEnMJMQqV8LcMpC1Vw,0c42f45e4a14957ad4a6d521d0ba8bc3
q00k1LrR-Phxc-bPAzJiow,0c42f45e4a14957ad4a6d521d0ba8bc3
MWnFXJDmphz8IFakVu1SQA,0c42f45e4a14957ad4a6d521d0ba8bc3
B2OCwi8B_q5J0Pyz9GbXAw,0c42f45e4a14957ad4a6d521d0ba8bc3
kW9yN02quzA6PjfnnzkcIg,0c42f45e4a14957ad4a6d521d0ba8bc3
d1MH8yw2LqFR3-xCK7bBdA,0c42f45e4a14957ad4a6d521d0ba8bc3
85O7eAEMQ_NEcC5qjIFFew,0c42f45e4a14957ad4a6d521d0ba8bc3
yi6hkPeaSu_G0J1JRFbJSw,0c42f45e4a14957ad4a6d521d0ba8bc3
9anKUYX_Uv47GO1vedn6_Q,0c42f45e4a14957ad4a6d521d0ba8bc3
lP9guY_wuEp6GX2h7MhxeA,0c42f45e4a14957ad4a6d521d0ba8bc3
isAmEovv7eg0JhIcUQ3zNg,0c42f45e4a14957ad4a6d521d0ba8bc3
CVNkE8VkQoe6UC6eaDrnfQ,0c42f45e4a14957ad4a6d521d0ba8bc3
IJICAjCzG2XT9QZaGjaJXw,0c42f45e4a14957ad4a6d521d0ba8bc3
3m9xLM-fPPpOm7eSawj3PQ,62a202eb98c0a4b09ba6746f5ee94ab3
7ZMz5j3oJMIkG9BTGj1J0Q,62a202eb98c0a4b09ba6746f5ee94ab3
kbP0suLHEgeHSUtYtqhGng,62a202eb98c0a4b09ba6746f5ee94ab3
MczQsDyO6htU-KW8sCbqQA,a6c6df138cbc97b9f81e7ffbbebdde6f
6PFzidqH3oSNK5eXOHNBIQ,a6c6df138cbc97b9f81e7ffbbebdde6f
EDL7QoKosndp89SjjG01WA,a6c6df138cbc97b9f81e7ffbbebdde6f
-JmmzX_t8XByqeHpIr4mpw,a6c6df138cbc97b9f81e7ffbbebdde6f
knF9zq8FM6ewSzbw8xnTQA,a6c6df138cbc97b9f81e7ffbbebdde6f
l8TYmClsb2qIMowUTtasww,a6c6df138cbc97b9f81e7ffbbebdde6f
hMSimGVV-DmG913oWbsE1Q,25318ec3e06fae1397a3a2f645104149
n4y_jKEQLIQeDjHge9uJvw,f97d5bf41f35aa181288429fb52e3488
MWerlIaV9pIcFpWsrtC-cg,f97d5bf41f35aa181288429fb52e3488
MTrkGD8e4LRxTpUiYek9aQ,f97d5bf41f35aa181288429fb52e3488
iq34B4GAuhYrb9FS1hI8wA,f97d5bf41f35aa181288429fb52e3488
akINFa7gj4J3Yoa4rL82MQ,f97d5bf41f35aa181288429fb52e3488
LlMlSGRP03yTIeor0FMtHQ,f97d5bf41f35aa181288429fb52e3488
ZkOBQWkcd_BjfozrKLDBSw,f97d5bf41f35aa181288429fb52e3488
FfS4puntZmGp3Emi09wZcw,f97d5bf41f35aa181288429fb52e3488
Nf9fdpTD3bTfbXOp54FqSQ,f97d5bf41f35aa181288429fb52e3488
rj3TpRARdIrKXEfT5Co_HA,f97d5bf41f35aa181288429fb52e3488
Wf0nLJJTAUKQ3QByAdblbQ,f97d5bf41f35aa181288429fb52e3488
Opu9W5iFWE-NoOc4CTqQ7A,f97d5bf41f35aa181288429fb52e3488
KE3WX9JgwDZeagGTtrBMPg,f97d5bf41f35aa181288429fb52e3488
sUxHZhLvTrLE4eoewdv-ug,fef69fb400210d861107a61db954d037
cLGh_q9jWTpp53tsj29S-w,fef69fb400210d861107a61db954d037
7QxNOgk7pezCzruH8jL45w,fef69fb400210d861107a61db954d037
7Y9dgVNnW6gxeEkdK-gzgg,fef69fb400210d861107a61db954d037
cq_L0RPXHZ2MjPEkWLRDCQ,fef69fb400210d861107a61db954d037
zLQ9EQ8qAhEfXDc-2AieVQ,fef69fb400210d861107a61db954d037
Ebu8VPDeehcRbxzaDN5fDg,fef69fb400210d861107a61db954d037
ecN9xzc80xkm9XOFNCUDmw,fef69fb400210d861107a61db954d037
R8A5hjAtOhGzEf1KBA6xyA,fef69fb400210d861107a61db954d037
HPlmnxDbynrBSMqfPWGvVA,fef69fb400210d861107a61db954d037
ceuAnWfWCUDm44cabSphGQ,fef69fb400210d861107a61db954d037
yd7wbd4MaiUVoxeU_-XYjw,fef69fb400210d861107a61db954d037
IyN8vVGNV7SZ6fulQ7O5LA,fef69fb400210d861107a61db954d037
LRGDX7adkuh9JMM2vufYvw,fef69fb400210d861107a61db954d037
pTb_47lRXCUVlHvQiv1ClA,fef69fb400210d861107a61db954d037
ctiwRYVCcqoaInSfBm-KZg,fef69fb400210d861107a61db954d037
MVaobM7jW9teT4YjtXY51Q,fef69fb400210d861107a61db954d037
YyFoVGDV6h8XsdFj8P_-NQ,fef69fb400210d861107a61db954d037
a-il0_PVG8GhvnbDaq8wfQ,fef69fb400210d861107a61db954d037
PZaVQ13jgQOfYAku7ncULQ,fef69fb400210d861107a61db954d037
0G07rSEBomrEdM0PtICcLw,fef69fb400210d861107a61db954d037
taN9CWblfhztCM0SSjn8XQ,fef69fb400210d861107a61db954d037
6oMFCO9vgcM9Pa8x7DBqqA,fef69fb400210d861107a61db954d037
ZIVzL7wFwvKM1hrTrWZknw,fef69fb400210d861107a61db954d037
fWqyOZ-uWxkxE_C80B26-Q,fef69fb400210d861107a61db954d037
i0UjPGLnouLf-syH9UFJAw,fef69fb400210d861107a61db954d037
QnI-EL9L0sUlKZmncLKE3Q,fef69fb400210d861107a61db954d037
g2jyeE9Yf-iU77cK22yESw,fef69fb400210d861107a61db954d037
aMqYegZn2hZqVQJMe0TF3w,fef69fb400210d861107a61db954d037
jxrFP0-IYSaamgD1tB2nMQ,fef69fb400210d861107a61db954d037
LnBucobGyUdbjY18EMrwZw,fef69fb400210d861107a61db954d037
bTfyjtrL8pfgdPdX_HQ6AQ,fef69fb400210d861107a61db954d037
ROKMHJe5ofSjNWUqmH-8GA,fef69fb400210d861107a61db954d037
vGyDxnk9P975Rwrs05cdVw,66f873d641d448bd1572ab086665a458
i7ybVsoTF1L_Dh8TmJokQQ,66f873d641d448bd1572ab086665a458
Zi8Ywk36Ws_4zjw2gjMMFA,66f873d641d448bd1572ab086665a458
2NqxkKYTwVLL8HjJi-5eOg,66f873d641d448bd1572ab086665a458
NBm-y1Jv-sV5TeDmOWDP_A,66f873d641d448bd1572ab086665a458
Re-2I3yKFIMvfD14fuL_Ag,66f873d641d448bd1572ab086665a458
llF189b_pwk0h4pvnP4q-g,66f873d641d448bd1572ab086665a458
dh-h2jbsa2ElN5Db0vfotQ,66f873d641d448bd1572ab086665a458
BV96Yfp6JY9edxYfh6KYrA,66f873d641d448bd1572ab086665a458
bejZFTZusWxVngrsk4RE0Q,66f873d641d448bd1572ab086665a458
qNTpFr9eBoAmwEi0OuCRQw,66f873d641d448bd1572ab086665a458
09lWhYqfb-ub7_0apDixnA,66f873d641d448bd1572ab086665a458
REyYJC3G8rRlNM0z3XJ7Zw,66f873d641d448bd1572ab086665a458
KZCG_rFrSixuGCmQWhghOQ,66f873d641d448bd1572ab086665a458
gP6UmMKWA-YOVRiDVHTZNA,66f873d641d448bd1572ab086665a458
qgkHO2BGFojYQFKhspzm1Q,66f873d641d448bd1572ab086665a458
QDQJVzjs6EKLkjVUCr9d1A,66f873d641d448bd1572ab086665a458
BiaJDrkhB1BkemprfeRRTw,66f873d641d448bd1572ab086665a458
s7xLMRGqBUhxndYzfiP9Xw,66f873d641d448bd1572ab086665a458
azoKlaqB7hdfMs_1zr9uBw,f1ca711137cde59e824167a4274df888
K1943yeGQELTUeiH6bDa2g,f1ca711137cde59e824167a4274df888
k0lG7VPUVHjgAgjldg6p4g,f1ca711137cde59e824167a4274df888
90XZXjKo4ol0BqyOBQoJ8g,f1ca711137cde59e824167a4274df888
_ISrUeYkdfeT9Aa3teoF8A,f1ca711137cde59e824167a4274df888
QjRIE69P7-XjGs06U-7XRw,f1ca711137cde59e824167a4274df888
zujR6S-epS_KMWJeMmvXjw,f1ca711137cde59e824167a4274df888
GylQWtq53KhNyato8X-dnQ,f1ca711137cde59e824167a4274df888
uftu7un_Nm4I01VbbGyS7A,f1ca711137cde59e824167a4274df888
UnCA023FCE_p6l5G7JWI4g,f1ca711137cde59e824167a4274df888
ZrtDob4ytmEHGWXOPcpwww,f1ca711137cde59e824167a4274df888
zQDVyHt8mbnCqaGBUrlZTA,f1ca711137cde59e824167a4274df888
0Dd1Cjt_XoVaEvPOkyBD-g,4f6ebf2026d540ffe40e29a80138ad5e
VoziJj_Fw67OtZtdDzrpQg,be14efdc86dedd6a8cd338e78ab4e7c7
4563XS_PrPJivPv_R5sW3Q,be14efdc86dedd6a8cd338e78ab4e7c7
UgLSJV541U0Or6hKvtCL7A,be14efdc86dedd6a8cd338e78ab4e7c7
rG0O37CBD7F-kHmIw7skQw,6ddeafa873279951630a00191333c45d
gdUW6MpgUUzbQnhPA_9qdA,6ddeafa873279951630a00191333c45d
JiWMDZKt-2firk2bYrwiyA,6ddeafa873279951630a00191333c45d
P_qoxhnolvyTF4nklac8iQ,6ddeafa873279951630a00191333c45d
Od_5E2nLUXFtr6Y_eUtkaQ,6ddeafa873279951630a00191333c45d
7XREJZ0nBFyxKO0tbMcLwg,6ddeafa873279951630a00191333c45d
2wWEkXDeKiAdMXrNw1JVzw,6ddeafa873279951630a00191333c45d
_tjDOfaNqSbBqbEwayQJjg,6ddeafa873279951630a00191333c45d
kvuLtLj-MngSgIPEPTVrig,6ddeafa873279951630a00191333c45d
KlaaMtVVHp-klfZyeF4yRw,6ddeafa873279951630a00191333c45d
h2frvCzl2KJeSBwnMoe9FQ,6ddeafa873279951630a00191333c45d
lbOpkv-F4wS4lb8MouP0DA,6ddeafa873279951630a00191333c45d
Hz2piNANW8OOmakhM8lVZA,6ddeafa873279951630a00191333c45d
2F8kxi0_JG8y5jTUSYifYA,6ddeafa873279951630a00191333c45d
n-ogm0lCwPeWJ758QMhlNw,6ddeafa873279951630a00191333c45d
h_gHK_HRPSP491vTzCETFg,6ddeafa873279951630a00191333c45d
gMtungUGzpZ1JtXjIzgLLg,6ddeafa873279951630a00191333c45d
_MWduI6DKnLYgvpq19kfWg,6ddeafa873279951630a00191333c45d
X_yaFXNtODblkqIJFFEpcQ,6ddeafa873279951630a00191333c45d
Suw-0epv01C5F0FRl2L02Q,6ddeafa873279951630a00191333c45d
DsQZOrjS9DAEwIcMj6rsoA,6ddeafa873279951630a00191333c45d
0KA-biEo_sohstS3BPv7_Q,6ddeafa873279951630a00191333c45d
Y8uPPQi89LBiAcKlLNsbww,6ddeafa873279951630a00191333c45d
EJEnxX7i9ieGp27OiIAbew,6ddeafa873279951630a00191333c45d
LHr4sVDp8tCnL_bkQxdUQw,6ddeafa873279951630a00191333c45d
ZmlOSws8Bsiu3uWsyldnpQ,6ddeafa873279951630a00191333c45d
nMxpWqBw8JMKFqjtLcrgOA,6ddeafa873279951630a00191333c45d
s0INTkNshIntfZpKzeaHQA,c7b5bec0b2f4ab9a2d3f9d837725620c
Thd2hkwftyCRcX998vCmAQ,c7b5bec0b2f4ab9a2d3f9d837725620c
p8lxRgWWIFhWuecUwWFVOg,c7b5bec0b2f4ab9a2d3f9d837725620c
KF9osr-B-5jzmujeb5lMkA,c7b5bec0b2f4ab9a2d3f9d837725620c
W15xOrnCh3OrWPs4tXFNlQ,c7b5bec0b2f4ab9a2d3f9d837725620c
zcxEoFmiWqlFGJPBVq5_Ng,c7b5bec0b2f4ab9a2d3f9d837725620c
z_EFxaliVbDX5syFIofESw,c7b5bec0b2f4ab9a2d3f9d837725620c
q9zrBjnDDhcG2Lq3b2fE8w,c7b5bec0b2f4ab9a2d3f9d837725620c
jaYjyvJYXZn3lNi_tl9Z_A,c7b5bec0b2f4ab9a2d3f9d837725620c
1C3zblgOfeCBpBzpHb9QMA,b9fd847d53fe45658fee4c46e7f562b8
1GmSoP4oLdwgoYcesdy7zw,b9fd847d53fe45658fee4c46e7f562b8
odOYqLxjETr411bk0SEaMQ,b9fd847d53fe45658fee4c46e7f562b8
j08f_R1zwYkdxFwgcMdOqw,b9fd847d53fe45658fee4c46e7f562b8
xZSks2xfrijtJjly1qiQlg,b9fd847d53fe45658fee4c46e7f562b8
qKas7uwh2Vj2dyRaGowBTA,b9fd847d53fe45658fee4c46e7f562b8
dI4C12Gb45uThlJgzogVZg,b9fd847d53fe45658fee4c46e7f562b8
Ru5edzaevZHc5jKVndFphg,b9fd847d53fe45658fee4c46e7f562b8
BJjibSl3q0ZsuA6mXFQu9w,b9fd847d53fe45658fee4c46e7f562b8
jIZA2KdSSEV1pmHclkmTxw,b9fd847d53fe45658fee4c46e7f562b8
hfdjYC7cpzLUE8EcKA7xNw,b9fd847d53fe45658fee4c46e7f562b8
CIb8Lsgv4sn4dCN8s54b7w,b9fd847d53fe45658fee4c46e7f562b8
1tJ25j22FXmkuQQW0F_Qfg,c2be5403b1c101e8032cf6696457200e
zcl4Gd-WHQ5sqNE8CnlfFg,c2be5403b1c101e8032cf6696457200e
cQswySTmbupwWmdv8mIZAw,c2be5403b1c101e8032cf6696457200e
ZpjInCVtRWxk84YzoDj1sQ,c2be5403b1c101e8032cf6696457200e
ellK-2ShZ2fyCvHMZ5ncTQ,c2be5403b1c101e8032cf6696457200e
6EkU5sUdWyxhNkKqHVtrGg,c2be5403b1c101e8032cf6696457200e
jv7CtguaP1sLivG7zW-5SQ,c2be5403b1c101e8032cf6696457200e
hBKP9BFmmNdQtoU5ncgLiw,c2be5403b1c101e8032cf6696457200e
vRkqGFOGDoOux5T1DVCrPg,c2be5403b1c101e8032cf6696457200e
joFfWXQiv1d4yf3HU-fVxw,c2be5403b1c101e8032cf6696457200e
zrb_IVQQ3dEGBghYuZe7vg,71c064fa93cab5f0b7306e6c923b77c4
Hbni4gZttvZAmFr82WChUQ,71c064fa93cab5f0b7306e6c923b77c4
OipEfQ8nR05SfumM3OQhJg,71c064fa93cab5f0b7306e6c923b77c4
DhnBM1H3FgF75Y53vXt_NQ,96bf713e60bc35cc2feb5fd53a4f3471
alGiE73WMYVu4BOja2k8Zw,96bf713e60bc35cc2feb5fd53a4f3471
ZIHPWLhfrQyrR0rbDzz2wA,96bf713e60bc35cc2feb5fd53a4f3471
hPZsvvyxqqUZBF1q25TkHw,96bf713e60bc35cc2feb5fd53a4f3471
flST_0gcqYA9OkwmiCef_g,96bf713e60bc35cc2feb5fd53a4f3471
QgxvHN-LQPS0J7fB4FC6lg,96bf713e60bc35cc2feb5fd53a4f3471
RqtEy936GDBb0ddesDqKQg,8dc684732a2a25bdf63ec0ecccee4e6e
LPxSkp0nAWN3zQRv6gNJBw,8dc684732a2a25bdf63ec0ecccee4e6e
r3WqROG-xCXaa1lIG3JfQw,8dc684732a2a25bdf63ec0ecccee4e6e
e-rcL7OGCA27OkZ_gnzEeA,8dc684732a2a25bdf63ec0ecccee4e6e
p8rb6IQ637goSkbyMbcOAg,8dc684732a2a25bdf63ec0ecccee4e6e
rzCy8anLniEySrLwR3RvqQ,8dc684732a2a25bdf63ec0ecccee4e6e
RkvDVTzCG4wMSbiTIt8Pfg,8dc684732a2a25bdf63ec0ecccee4e6e
UkSNdIF54dvas25eh_CmFw,485d4d24c803cfde829ab89699fed833
JoaCHPW7XMzZJDAjFKl3jg,485d4d24c803cfde829ab89699fed833
u-tcnG8zdDG8QWYTctxyfg,485d4d24c803cfde829ab89699fed833
UC53PBtr2nwO19AGB8Wn4w,485d4d24c803cfde829ab89699fed833
MQK-AA9xOFFLKBfd7bVSZw,485d4d24c803cfde829ab89699fed833
YH_jjPE1ieLSGC-YqJk0Lw,485d4d24c803cfde829ab89699fed833
rRb2CvNCNWyPSQdeVme9-Q,485d4d24c803cfde829ab89699fed833
KBFdi6qNgzNY3g0gmRSWwg,485d4d24c803cfde829ab89699fed833
sbeSmeab0vbu4r85Egp7SA,485d4d24c803cfde829ab89699fed833
ziQqb3wVR0WHCOyFiw2XmQ,485d4d24c803cfde829ab89699fed833
L5mlxUIVSzI-z3AbJb3v3w,485d4d24c803cfde829ab89699fed833
0hu0ZDyEd-ZELKQf50RW2w,485d4d24c803cfde829ab89699fed833
Cd9qyWB16pib-Wc9QD-Apw,485d4d24c803cfde829ab89699fed833
5a2XO_NXosYPcstWBH5tiQ,485d4d24c803cfde829ab89699fed833
gcJAIjEHewjOi87obm6gXg,485d4d24c803cfde829ab89699fed833
X-L7K2BqjAoxQQLggpr2rQ,485d4d24c803cfde829ab89699fed833
8L4ui-CouILF4mdaCZQXzQ,485d4d24c803cfde829ab89699fed833
v4GHQQUmHKnLEL-uOfjcNA,485d4d24c803cfde829ab89699fed833
7XzFgNgAk2xBMNNlJ_Tz_g,485d4d24c803cfde829ab89699fed833
y2oYsHK_Ew5TWY0wbcdU1A,485d4d24c803cfde829ab89699fed833
V_FCIZ0Y2vk20b88ftmwEQ,485d4d24c803cfde829ab89699fed833
iu9DRK5leEqUJ7xW7HSxvg,485d4d24c803cfde829ab89699fed833
Z4a5aQ1Z3phEgVAvs7pWvQ,485d4d24c803cfde829ab89699fed833
yXamWvS1iSB-_sp7ebQP0w,485d4d24c803cfde829ab89699fed833
AyjYsQOvDC3GcOzHzG6Jaw,485d4d24c803cfde829ab89699fed833
9dJ9wokvI99L0FUE8qOQ0w,485d4d24c803cfde829ab89699fed833
pJge_LJ3NV8iQtrERe6AyQ,686c0fdb962e26e274d81fc286c010dd
-HfxEoo3wIWFApvuDcHEGg,686c0fdb962e26e274d81fc286c010dd
HIJlNqu7VKYAxFApilHg6w,686c0fdb962e26e274d81fc286c010dd
NPOkjob3PFlNrvZ-GO3fqQ,686c0fdb962e26e274d81fc286c010dd
KN9zCrgwHj_iWQGEf3Vzyw,686c0fdb962e26e274d81fc286c010dd
ovjumOkIMjG36JGdhdTNUA,686c0fdb962e26e274d81fc286c010dd
pQsTrwmMl9qRlXaJ9_RCzw,686c0fdb962e26e274d81fc286c010dd
AdlGyoE9ff7dxZv-tklsLQ,686c0fdb962e26e274d81fc286c010dd
lI_MtIincsGqUGMmvzEZRw,686c0fdb962e26e274d81fc286c010dd
PM1_JLPnZVPbgScyNEQFKA,686c0fdb962e26e274d81fc286c010dd
eDTuLgH0muqJg3bh-qnGfw,0cf6cd1809fa7f510812f5b052f578c4
_5cGjnjBRku08-LcEjv0cA,0cf6cd1809fa7f510812f5b052f578c4
XNe7kkk1bFjByhsFVctk2A,0cf6cd1809fa7f510812f5b052f578c4
wtyCB3iRPHSXNxmtZsg89A,0cf6cd1809fa7f510812f5b052f578c4
EichPhjYtOZDEC4KTUTxPw,0cf6cd1809fa7f510812f5b052f578c4
pH7zpCxm_NS3NzTFbUPVBQ,0cf6cd1809fa7f510812f5b052f578c4
7mC73EaD-pi3yyR63ZVn3A,93c88a18c673e2c72a6afa93d6b89f18
NTtQJ4KrcK36Xi4eEvo3hQ,93c88a18c673e2c72a6afa93d6b89f18
sLBJg33T9LfeKmq-FKxssg,93c88a18c673e2c72a6afa93d6b89f18
yBKJ9yxmZmKv6XvbYRN0_Q,93c88a18c673e2c72a6afa93d6b89f18
0DOiGpJm17_9vysNWOiHng,93c88a18c673e2c72a6afa93d6b89f18
PPzjbq4cE4J9KIYLIcG7wg,93c88a18c673e2c72a6afa93d6b89f18
fgcDftf7FDOS3RR2oUzuPg,93c88a18c673e2c72a6afa93d6b89f18
p5thThuUITUjAy8gS3sPMw,8fb5ce1e34ad31de940481953aea452c
4BPVXTle3SndsKRjj0qMAw,8fb5ce1e34ad31de940481953aea452c
ztP4E-dCMEOZRT9XYLDNzw,8fb5ce1e34ad31de940481953aea452c
jyBiQI0XtESTGHXODCFsJQ,8fb5ce1e34ad31de940481953aea452c
fcgCS7tk1kCLAEistL01Vw,8fb5ce1e34ad31de940481953aea452c
LqzeN5HH6K1KXI6PsKdN4g,8fb5ce1e34ad31de940481953aea452c
zPVirzX5eaRepNBNzTXq4A,8fb5ce1e34ad31de940481953aea452c
VzIh81mLHwZeeAtMFxqK_w,8fb5ce1e34ad31de940481953aea452c
h60CuXTwYqNX9t6Ppt5RXA,8fb5ce1e34ad31de940481953aea452c
4WBtUrKNyfuyth71On3ApA,8fb5ce1e34ad31de940481953aea452c
OXEaIQsgJIUCyRev5VgvLA,8fb5ce1e34ad31de940481953aea452c
rr3fgRYPxcXt0pACSaAjew,8fb5ce1e34ad31de940481953aea452c
k50eFm74cJtUOEIScrDCMQ,8fb5ce1e34ad31de940481953aea452c
dGT1LIPjOolslaYDMF-Aug,8fb5ce1e34ad31de940481953aea452c
_3UwHix7TshlnVBHmL3l4g,8fb5ce1e34ad31de940481953aea452c
VIJ_tFfPDEpwiAbYpJSFbg,8fb5ce1e34ad31de940481953aea452c
dyEAYqTj5IuObZGywUPyEQ,8fb5ce1e34ad31de940481953aea452c
9Vu9gwCuAn4q9aVZrfIGWw,8c9ea7f2132376859ef34fab981d6932
uJNfd4CrU3dD7RjLnHzodg,8c9ea7f2132376859ef34fab981d6932
_Xxsjm_mUn5yQ17TrBmRHg,8c9ea7f2132376859ef34fab981d6932
DhWNZXfKSlUxMcQQ6EUkMA,8c9ea7f2132376859ef34fab981d6932
xOqfvlf_oVeAcqj2xHrx1w,8c9ea7f2132376859ef34fab981d6932
tcMvdTNquoTxdDY-o2IsZw,8c9ea7f2132376859ef34fab981d6932
AlwjfeiF78XQ_AlaVqZ9Og,8c9ea7f2132376859ef34fab981d6932
8_zFPI3gjdVl_rrBwUrQmw,8c9ea7f2132376859ef34fab981d6932
zUYE1lH1OUM419ArHHmWCQ,8c9ea7f2132376859ef34fab981d6932
0S5mWN5r-dQsTSCDdzCrtg,8c9ea7f2132376859ef34fab981d6932
UuD2ypjDUD0R8StTa5k5Yw,8c9ea7f2132376859ef34fab981d6932
JJxToLJlmsQCv-eigT8nYA,8c9ea7f2132376859ef34fab981d6932
3HJJ3jmiYtXKKq7krQj_MA,8c9ea7f2132376859ef34fab981d6932
eYcDu70ze8OcXpAUZ_KmtQ,8c9ea7f2132376859ef34fab981d6932
7B7cpzBzFIvBReRs-UlB4Q,8c9ea7f2132376859ef34fab981d6932
4SifsejRBVbVUFuCvrYLwg,8c9ea7f2132376859ef34fab981d6932
5-3wyrIOYInzwEZHTQP9nw,8c9ea7f2132376859ef34fab981d6932
9DIct6R794tApbOtdHafXA,8c9ea7f2132376859ef34fab981d6932
L4jCuG3S-6kY0FVAyjiLNQ,1d4153659a0a0a2089078c739df6737d
O49XotDpx7v3c1KKdKR9pw,1d4153659a0a0a2089078c739df6737d
7F5blD6YrhpcH-MYyDzcIg,fbb4c06b719596c21f91fd51ef6d4710
6NUrBhP5gQ_dgV47L_REIw,fbb4c06b719596c21f91fd51ef6d4710
rcLuoOWx3QHVRmGtrPt38A,66a53e9c32e4f5c724f9478240020142
nFo9mmxd1SonSoWsIX7RAw,66a53e9c32e4f5c724f9478240020142
XAKULkvx3NBAMoBZHov0xA,66a53e9c32e4f5c724f9478240020142
FpXp_Knu7QK5AI-vbZTKBA,66a53e9c32e4f5c724f9478240020142
nNhGmSP8xcBAWokkNv0m1w,97b25faf822b93fdbf72da1d594c0288
H4h_nwZW7f2Yj9ONdzGxHQ,97b25faf822b93fdbf72da1d594c0288
3iflXLCloP1XI8GwgdbYBA,97b25faf822b93fdbf72da1d594c0288
8PrTJSFICr4f_dMictWkuA,97b25faf822b93fdbf72da1d594c0288
C1qAm45IGF6-kQTrCayZoA,97b25faf822b93fdbf72da1d594c0288
JoUEZWB0y7tREmRPVJj24A,97b25faf822b93fdbf72da1d594c0288
77xI9ep7cla7zJtzkaReQQ,97b25faf822b93fdbf72da1d594c0288
UcbVu6kMUytS3BXSw545rw,97b25faf822b93fdbf72da1d594c0288
wV9Tx82ELBeBWnVYtlBZ-g,97b25faf822b93fdbf72da1d594c0288
70D_rxm388HaD2qMTB59xw,6c7fb9043e6df5a4cc50404581a947b9
EqvTmPu69ScPFotIz8h_xA,6c7fb9043e6df5a4cc50404581a947b9
h7H3QdzykDSYzY29Hk3LvQ,6c7fb9043e6df5a4cc50404581a947b9
AF3GkHlS48ra00-LCi_ojA,6c7fb9043e6df5a4cc50404581a947b9
8Wzyn8c4OZ4OANfKQNVGyw,6c7fb9043e6df5a4cc50404581a947b9
n7cBSlfu_utOVK3QZCCWrQ,6c7fb9043e6df5a4cc50404581a947b9
_foBmwAL0w5qIEaUwWcmtQ,6c7fb9043e6df5a4cc50404581a947b9
AcEBuSwoXHdtobr-LiRRQg,6c7fb9043e6df5a4cc50404581a947b9
VAaiyvD_9KMcg8BYaPX3OQ,6c7fb9043e6df5a4cc50404581a947b9
TWVg8wyzqqLwVUXRsku1lA,6c7fb9043e6df5a4cc50404581a947b9
d7DGGcjeSAm2eAyctiKpyQ,6c7fb9043e6df5a4cc50404581a947b9
0NMmNxqEMOZ-e0ESwzNnWw,6c7fb9043e6df5a4cc50404581a947b9
js-WOVWq761O1yKrwT1ejQ,6c7fb9043e6df5a4cc50404581a947b9
vp301h_QIwZpZc9vVpgyKA,6c7fb9043e6df5a4cc50404581a947b9
mKdrzse-LFXmdbmNUhee4Q,6c7fb9043e6df5a4cc50404581a947b9
m-yNQaZOX5ms06IajESbPw,6c7fb9043e6df5a4cc50404581a947b9
KU8lV6lf-PQiuMtj41DelA,6c7fb9043e6df5a4cc50404581a947b9
a3RG4bP4Wun-NgrH1uZZhw,6c7fb9043e6df5a4cc50404581a947b9
e5NQnrKrFmU_OivObaC7UQ,6c7fb9043e6df5a4cc50404581a947b9
FWvr8uXEW6fXwjmZZ-a7VA,6c7fb9043e6df5a4cc50404581a947b9
4ZIpwrNr51oi30D8R6072Q,6c7fb9043e6df5a4cc50404581a947b9
c2_wO8jC9BSWnX5onAriOQ,6c7fb9043e6df5a4cc50404581a947b9
Suw-0epv01C5F0FRl2L02Q,6c7fb9043e6df5a4cc50404581a947b9
_-eV3VGH9_1dQ1acbHdtcA,6c7fb9043e6df5a4cc50404581a947b9
e7rKQdWlynQpm5NFukEdsQ,6c7fb9043e6df5a4cc50404581a947b9
KUAsPjpy2pQcItMofwo2lw,6c7fb9043e6df5a4cc50404581a947b9
kMg9vBlpJ9e_wcU7e1yHZQ,6c7fb9043e6df5a4cc50404581a947b9
I0rBB5rK5Ow-qtsHUEmgeg,6c7fb9043e6df5a4cc50404581a947b9
eOVTyiE-GMfG1NdG_-Z4Zg,6c7fb9043e6df5a4cc50404581a947b9
r9P-Laza7Th9CnCDWvuaSA,6c7fb9043e6df5a4cc50404581a947b9
kMh5p2iQ-6Z6RbmrBivraA,6c7fb9043e6df5a4cc50404581a947b9
oAuacb99pPz4M8RfXNbwSQ,6c7fb9043e6df5a4cc50404581a947b9
YtUuz38Sqhg0kDM9WunRIw,6c7fb9043e6df5a4cc50404581a947b9
KQzB63AKTgkefcZxQpNOTw,6c7fb9043e6df5a4cc50404581a947b9
AUAF4JbMmeUzUxrdfxBZhQ,6c7fb9043e6df5a4cc50404581a947b9
soc2BgJ5g2o5DtEKafyhgQ,6c7fb9043e6df5a4cc50404581a947b9
o63UdqhhzA17XtyC-X4O8w,6c7fb9043e6df5a4cc50404581a947b9
7I3zpAtJg9La5CsqjM8d3Q,6c7fb9043e6df5a4cc50404581a947b9
0fGh_lANUDc93j0zQydZMg,6c7fb9043e6df5a4cc50404581a947b9
paSPh_JP5D_EC3uwMVPpwg,6c7fb9043e6df5a4cc50404581a947b9
wDmBNugSnKZDDUeYm7dA1Q,6c7fb9043e6df5a4cc50404581a947b9
wWJuMUz3pWL9OVfGD30vaA,6c7fb9043e6df5a4cc50404581a947b9
AiK2DUrXI3lV6NYxKWkBuQ,30bf49544b1c864688b78172d42cca5e
2CxBAbnFIOfjRASbWcHC4w,9f63cebac9073eac3e90be2b9a91b02b
OXPDSeqYp9p19PDDpg-ilg,9f63cebac9073eac3e90be2b9a91b02b
2CxBAbnFIOfjRASbWcHC4w,9aa325529164ec68b4d96c4f1c4fc7c1
ZvRp6-lb4SzfWvtn11k0LA,9aa325529164ec68b4d96c4f1c4fc7c1
S9GkSvSZBFOG9ttPlemagw,e3d32ad772a5898c3b96c4d23d2cd542
et2J8Hbsgox89EiujdzLLQ,e3d32ad772a5898c3b96c4d23d2cd542
b224L6_v7F2M4FsxG6rFag,6c0de983fb47a3439a9e3c36a3d15804
Nrmsdtg10pyX2Qm2nZcVSg,6c0de983fb47a3439a9e3c36a3d15804
LWU4a7ejo8RIffxOQAdpZw,6c0de983fb47a3439a9e3c36a3d15804
bJ4pQO2TupMWGltj7kfLfw,6c0de983fb47a3439a9e3c36a3d15804
7BIpo1jpmzyKlImIiZcvmQ,d1c9556d92f329703229fb3e33899a3b
yOToTuLtsEA5P3nTx71X8Q,d1c9556d92f329703229fb3e33899a3b
g1WcsMOzDGOmDvA-y0xMvQ,d1c9556d92f329703229fb3e33899a3b
WzDJgVPU-11oe4B5GK4Akw,d1c9556d92f329703229fb3e33899a3b
WAKwis2gWtNjRqFGkgwORw,92c9e62c0b42adf4759c430009d3987a
msIUl3FAvyijGcjANTWXIA,92c9e62c0b42adf4759c430009d3987a
GzDU6dVNoowb6jmjbpqN_Q,92c9e62c0b42adf4759c430009d3987a
aMY5sxy7N8h5S2U5t4ocnQ,92c9e62c0b42adf4759c430009d3987a
q57lv8q2rgzsc9mgWy8x6g,51e4d3731aebbf9c3186f310a08de6c8
yodp8dWdtD22DFp75nFa9A,4cb84c9a3743287019ae00ceef9a1cd3
tPe5JBjVRbZ8MXR7Tl8jaA,4cb84c9a3743287019ae00ceef9a1cd3
tLx1Q1vrIQDapX58_gj8fw,4cb84c9a3743287019ae00ceef9a1cd3
_Trgsl8TD-Mmt2Sn6Di1vQ,a9f0b06d07f89b75e92c0cf686223aea
-d473gtB7sazHlWu_1a2CA,a9f0b06d07f89b75e92c0cf686223aea
bIWJu0UDFsiPSmn3jUH9Ag,a9f0b06d07f89b75e92c0cf686223aea
isDTSR3Tc8RV2p8eCX2Gvw,a9f0b06d07f89b75e92c0cf686223aea
A35ljFDKELmMkAiiOTyuTA,a9f0b06d07f89b75e92c0cf686223aea
TUKHkzJwKmxIb26UnMftCA,a9f0b06d07f89b75e92c0cf686223aea
4vMUHaD8WD2b6N3Shu4uYQ,a9f0b06d07f89b75e92c0cf686223aea
w9pCVk0GV6AEtH8Z-phXuA,a9f0b06d07f89b75e92c0cf686223aea
keH5gxsJyRrbyyX8B6eaZg,a9f0b06d07f89b75e92c0cf686223aea
nXaUx2eP3TvD8PY1EIqAsw,a9f0b06d07f89b75e92c0cf686223aea
UAClOVc95wqtRTQAq4U2Yw,a9f0b06d07f89b75e92c0cf686223aea
Lzg_C-mqWVQ0CKI64e6P5Q,a9f0b06d07f89b75e92c0cf686223aea
ynbk1Zyp6qbZdx5ivuf10w,a9f0b06d07f89b75e92c0cf686223aea
JfRjm9j_8fChaODlKwMyGA,a9f0b06d07f89b75e92c0cf686223aea
67zb4FcsSKuRMJG3x8qEqQ,686b314a6c3348efd2297d6b3dfed1a7
4jM6Mvylg6eKUCh6HOdlKg,686b314a6c3348efd2297d6b3dfed1a7
eklI9ibxTgQ4Tx5VsoP2Uw,686b314a6c3348efd2297d6b3dfed1a7
Q2FYU9vFPEoOEMAeNP4enQ,686b314a6c3348efd2297d6b3dfed1a7
GeJ_rMJ7qx8olmGghcnJag,686b314a6c3348efd2297d6b3dfed1a7
awSiIH1d-ma2gTPgzVXvMQ,686b314a6c3348efd2297d6b3dfed1a7
MjRHsIyZcYV0LpNhM6gbIg,686b314a6c3348efd2297d6b3dfed1a7
8_Luerj7LEVuSb5ll_7hlg,686b314a6c3348efd2297d6b3dfed1a7
RNgR9Y_byajHqgVxP0dnKA,686b314a6c3348efd2297d6b3dfed1a7
KBFdi6qNgzNY3g0gmRSWwg,686b314a6c3348efd2297d6b3dfed1a7
7kqw5gDC49Vj5xWmKB7qIw,686b314a6c3348efd2297d6b3dfed1a7
uCZPWQ2OYNLvmMm23cUx1Q,686b314a6c3348efd2297d6b3dfed1a7
DN9j5hAmoRwwJ19LEOxfDQ,686b314a6c3348efd2297d6b3dfed1a7
Rgj8ppNjPtx9fKwC8yyg8w,686b314a6c3348efd2297d6b3dfed1a7
WtoWJAOmLbordZcE-yY_SQ,686b314a6c3348efd2297d6b3dfed1a7
yBWLnpWOqYKLviXqE-i0Sg,686b314a6c3348efd2297d6b3dfed1a7
720w4KP2M1-xpTRAc2QoPQ,686b314a6c3348efd2297d6b3dfed1a7
rGRjA9M6uSy1aGZAN1dpng,686b314a6c3348efd2297d6b3dfed1a7
fEhUmWietuoDJL9MuSMZzg,686b314a6c3348efd2297d6b3dfed1a7
YrJ4RgfBo1y7nNMBaUHCAA,0d1b5c62f8d22e3650811df55596e25b
NnaE4IKlc6XdYOUu4IOV5w,838d5bb59963474ad08a6d5b156943ed
KDpEDnHqRXTeBhNTmvBFiQ,838d5bb59963474ad08a6d5b156943ed
AkoPWWsLI7KpRKxwEzIvLg,838d5bb59963474ad08a6d5b156943ed
kkg_8XqwdBQbSx9XCMpCzg,838d5bb59963474ad08a6d5b156943ed
BrA7s4_ZQMRmaeong_iu6A,838d5bb59963474ad08a6d5b156943ed
7vqgqc94MbUClLv5IHLsAw,838d5bb59963474ad08a6d5b156943ed
m9hRvwRpZ0BYnletTK12Hw,838d5bb59963474ad08a6d5b156943ed
PRnNbp2YGR06DDbLX1yP_A,838d5bb59963474ad08a6d5b156943ed
JDeeRdR4ExCCU2Rdh0RUsw,838d5bb59963474ad08a6d5b156943ed
kNqyga93EnHymMtBsc7z7g,838d5bb59963474ad08a6d5b156943ed
k6HVetOxwGkTfihlGEC17A,838d5bb59963474ad08a6d5b156943ed
8kGScONgvTUncK7U8U9S4A,838d5bb59963474ad08a6d5b156943ed
QUW0hcUc42rzCZkRllHGIQ,838d5bb59963474ad08a6d5b156943ed
2Wlfty9MKueKN99mBqgT_Q,838d5bb59963474ad08a6d5b156943ed
B1t0OSKUDo72yKhPrP906g,838d5bb59963474ad08a6d5b156943ed
Nco_OOZ4wkS8FdDGu6Mj7w,838d5bb59963474ad08a6d5b156943ed
ELb5MKzdN_LJ_Frm-VWdSQ,838d5bb59963474ad08a6d5b156943ed
wZELJqt0BsnYCcnzMuSDBQ,838d5bb59963474ad08a6d5b156943ed
pab0-quYuIn5abcePl_Hwg,838d5bb59963474ad08a6d5b156943ed
5GyQFTsFANl0PQrrx17iwg,838d5bb59963474ad08a6d5b156943ed
Qt7unqQCzWPhVQ8dllrtdw,838d5bb59963474ad08a6d5b156943ed
X-L7K2BqjAoxQQLggpr2rQ,9ec4163496363b31ab475cb851b57b21
d7-MqHAYRjMDIdbARrdEpw,9ec4163496363b31ab475cb851b57b21
A2VVCdM5F1CdvIV5uFm2Ww,fedff7a263c182df94bda7307059cc52
D1gkF04qqIz0nrrVmCF6ug,b9baf685b7053de899bf3467f61c2781
h60CuXTwYqNX9t6Ppt5RXA,b9baf685b7053de899bf3467f61c2781
4WBtUrKNyfuyth71On3ApA,b9baf685b7053de899bf3467f61c2781
XDWS4Rayi52jrN0z0ibG4Q,b9baf685b7053de899bf3467f61c2781
k50eFm74cJtUOEIScrDCMQ,b9baf685b7053de899bf3467f61c2781
VzIh81mLHwZeeAtMFxqK_w,b9baf685b7053de899bf3467f61c2781
w7q3AJ_nXkdCGn9YWyzJLA,b9baf685b7053de899bf3467f61c2781
tyzaHCGa0FIDjHAj8HGD0g,b9baf685b7053de899bf3467f61c2781
NMNzFTEcJ0bTyDDXUgOSLw,b9baf685b7053de899bf3467f61c2781
_3UwHix7TshlnVBHmL3l4g,b9baf685b7053de899bf3467f61c2781
G5jF4SJxprxf4rQYkemHtw,b9baf685b7053de899bf3467f61c2781
cNil4ExqTvXBkd9arVGx1g,b9baf685b7053de899bf3467f61c2781
fRl75WY-N0Pia2Tjrp0ZNg,b9baf685b7053de899bf3467f61c2781
wyckj51AcHAY2pt43HA1EA,8d6f0cbf7d44d2908c8ce73ed00dbf66
usO5eH44mmub9p_pH95OkQ,8d6f0cbf7d44d2908c8ce73ed00dbf66
tlrR4EKTI_jDQTO-uUNc7A,8d6f0cbf7d44d2908c8ce73ed00dbf66
nj3vYnFDmMhPdU22DSJsBQ,8d6f0cbf7d44d2908c8ce73ed00dbf66
Q0AzZcsJhilGiuoaAERK9Q,8d6f0cbf7d44d2908c8ce73ed00dbf66
ifhUXR3fck3HufJdV0hYvw,8d6f0cbf7d44d2908c8ce73ed00dbf66
JzUGvmHytfeAGLXUt4APdA,2f09a64507cf6257c67ca20af27339eb
fpaVATCYnjs3CbNTIVzWFw,73f388336d879bedc962cd412eb0296e
4EV_ZcQmjAmP3pmO-_nb2A,3e112f9fe877e0003780386359060ae6
W2WQDWey3ycXfRdfDShuAA,3e112f9fe877e0003780386359060ae6
OUzfOoeRg_OY4MChz7VguA,3e112f9fe877e0003780386359060ae6
eWoyUHGA44U6jCdXDhRfIQ,3e112f9fe877e0003780386359060ae6
Q7DVB7X0194ohRLOlnz2_g,3e112f9fe877e0003780386359060ae6
_nNUhU9r-93hCkMLljg7Jw,3e112f9fe877e0003780386359060ae6
9l0LUvWKca--55WPiakzbA,3e112f9fe877e0003780386359060ae6
s3loU-mRXSYos-_hvVY3RA,3e112f9fe877e0003780386359060ae6
pvRp-rIAgTnooesjeCj3Dw,3e112f9fe877e0003780386359060ae6
AUBRwXtPavV6IhPHX4GRSQ,3e112f9fe877e0003780386359060ae6
lkawl3pb77G-K8xVocaJ_Q,3e112f9fe877e0003780386359060ae6
8epZBQPYacy1-KQULLABmg,cb6fddfdac7d350d25be475c7ab9e05a
zh1Fa3zevYr8uFjj83YHfQ,cb6fddfdac7d350d25be475c7ab9e05a
rVd781B1hA20gJchgqlx9w,57e928d8c30fab0ebffb3ede850f89d6
Ibejeht--wHn_5b84FDdbw,57e928d8c30fab0ebffb3ede850f89d6
GUJ-DnrpgBUAjfODH1huDA,57e928d8c30fab0ebffb3ede850f89d6
WLe3xluaCX8KcUdYDiCjzQ,57e928d8c30fab0ebffb3ede850f89d6
0vjKqJuAM69B8psdq2NUoA,57e928d8c30fab0ebffb3ede850f89d6
21SGKSXGSK68WZ9gM841mQ,57e928d8c30fab0ebffb3ede850f89d6
4yivO9_j79NhBXMta0suvg,57e928d8c30fab0ebffb3ede850f89d6
3o_uedOTplKebCqHw6H86A,6526a2eb3832f9ba0224d237e901ea5b
htZ2lOcEJ3BRhwMehZgI7A,6526a2eb3832f9ba0224d237e901ea5b
TQj4HSCmm5GnriKMiSpqpQ,3596b4831ee2ea7812de753b32306835
Bo30wYCWWy5M9g1W7GQ5SQ,3596b4831ee2ea7812de753b32306835
jZPYyfrEhn1jIlo2MXFPuA,3596b4831ee2ea7812de753b32306835
xkZuQgCjBgUYmS0BFEzMNA,3596b4831ee2ea7812de753b32306835
S4DFeNGphgug2E-dLfiLXg,3596b4831ee2ea7812de753b32306835
hhEZldyc-CZMP3WYysiqgg,3596b4831ee2ea7812de753b32306835
1RQhYwhtjFxProhY1BzeTw,3596b4831ee2ea7812de753b32306835
phdll2c9FSjRgzcff1ToXw,3596b4831ee2ea7812de753b32306835
hWlod6cewP1NKG5LBJBJhQ,3596b4831ee2ea7812de753b32306835
O07_DHUjRD3r7PGcHBjBnA,3596b4831ee2ea7812de753b32306835
LOy9EL7UeiKRqdUWUcbtZw,c448b73d92f7f8e1daafb3b9c5fbe6a6
rpJpZOvTPbVmBh2goK1iOA,c448b73d92f7f8e1daafb3b9c5fbe6a6
lo-ecE_V54BewbN0mUO_iw,c448b73d92f7f8e1daafb3b9c5fbe6a6
GoavELrEifLw-8hDX6j0HA,c448b73d92f7f8e1daafb3b9c5fbe6a6
gRepmb_vwaCDzbsjwmJ-Ig,61901a235d4cfceb7f8f2c3888b98617
P8ivaSJ-_FmC01Z_2Npuig,175a074bf65455d1633639511dc129c8
2zeh8dTdftT7sVl2qDGC6w,175a074bf65455d1633639511dc129c8
yB24S-bsaJqaP3pQFpKpBw,175a074bf65455d1633639511dc129c8
AlEsjF_9KKX_949qq1lX4Q,175a074bf65455d1633639511dc129c8
6yfGhEW0OC6G4xTbtTa-9w,175a074bf65455d1633639511dc129c8
NHuuLXPWt9d9JXmptz3zjg,175a074bf65455d1633639511dc129c8
Iq3jXNqinYFedkKscL78OA,175a074bf65455d1633639511dc129c8
GPMJ0Jp_jD7wM_Kgak4SaA,175a074bf65455d1633639511dc129c8
08j7E4HP6Shlc3FyN4csjQ,175a074bf65455d1633639511dc129c8
r4uSzklLR8Jz4DLAnWNJtQ,175a074bf65455d1633639511dc129c8
zs-syrUMAGrVl5kqijQI-A,175a074bf65455d1633639511dc129c8
v08XtB2eOhHpVNwciI5qgA,175a074bf65455d1633639511dc129c8
EqvTmPu69ScPFotIz8h_xA,6993b3dbb0758927967592ea612a2b1e
7XREJZ0nBFyxKO0tbMcLwg,6993b3dbb0758927967592ea612a2b1e
kljK-5qWOGerzNFpbRDP9w,6993b3dbb0758927967592ea612a2b1e
2wWEkXDeKiAdMXrNw1JVzw,6993b3dbb0758927967592ea612a2b1e
vSx8D2RpWxiU_o2igKJwdA,6993b3dbb0758927967592ea612a2b1e
KlaaMtVVHp-klfZyeF4yRw,6993b3dbb0758927967592ea612a2b1e
gIQbiHPpPTv8TCgUpwS5Sw,6993b3dbb0758927967592ea612a2b1e
4Mluju43bJQA4D4_8U7v5A,6993b3dbb0758927967592ea612a2b1e
23KLhL5rae5Yzn6uILq6Xg,6993b3dbb0758927967592ea612a2b1e
S_2eq6lrZBlilhirR5cULQ,6993b3dbb0758927967592ea612a2b1e
uDc9ifnHf91YOS0AwZan8g,6993b3dbb0758927967592ea612a2b1e
Suw-0epv01C5F0FRl2L02Q,6993b3dbb0758927967592ea612a2b1e
eCCzuCx5_-W8h0rKeR6KSA,6993b3dbb0758927967592ea612a2b1e
zopdNk9KHJesaPs9_m0UCA,6993b3dbb0758927967592ea612a2b1e
u_RZogw9MhxRa3751VR0YA,6993b3dbb0758927967592ea612a2b1e
Kq6K5L4HO_ISwi0BwNGawA,6993b3dbb0758927967592ea612a2b1e
Tht-ZVyzieVxNET0gcc2pQ,6993b3dbb0758927967592ea612a2b1e
QnDKKgvDaOHawMGhX8i3Fg,6993b3dbb0758927967592ea612a2b1e
Aue5hpgL01ekteVvaFgJ1Q,6993b3dbb0758927967592ea612a2b1e
YWHYELEz9Y2Fcs7PZ932HQ,6993b3dbb0758927967592ea612a2b1e
GhEjxHrDyBRwBMimUP4Wow,6993b3dbb0758927967592ea612a2b1e
WXTsLIiGfHDHWtLlnj4RdQ,6993b3dbb0758927967592ea612a2b1e
oIVVGIspnYVHCDDm005mRQ,6993b3dbb0758927967592ea612a2b1e
EJEnxX7i9ieGp27OiIAbew,6993b3dbb0758927967592ea612a2b1e
ru0ezr0XBE7XGhmLdTcMTg,6993b3dbb0758927967592ea612a2b1e
H-n_xUFdMTZhfTZgJdhA5g,6993b3dbb0758927967592ea612a2b1e
qqc1r7edSHsLhQ2aJe-xPw,35eb539fb9298bb7e4f6759ca0256505
uBrdXdwWDDpI0v6p44NpdA,7b8dfa12900bcb02b47a14e4e5010ba3
C8K5GvhWNYY4zBijgekT3g,7b8dfa12900bcb02b47a14e4e5010ba3
a5QJk8HHZz0v2fmLOTjsfQ,7b8dfa12900bcb02b47a14e4e5010ba3
stpponw4dmBTnELEpmiMSQ,7b8dfa12900bcb02b47a14e4e5010ba3
2jhPco4UcYCrTAX_pHfv-A,7b8dfa12900bcb02b47a14e4e5010ba3
z-1HXkudDPE4bY1TbCwE8Q,e1a4d91fdae7e18483373f648141e53e
o5YLdmUogknjtDzUBv5Smw,e1a4d91fdae7e18483373f648141e53e
18aIKschS0rNDNr0sXWtww,e1a4d91fdae7e18483373f648141e53e
7_qZrRi_zs2GbnxmEAAVmQ,e1a4d91fdae7e18483373f648141e53e
hQoFgRJhYZn4AM5uE3c9fA,e1a4d91fdae7e18483373f648141e53e
wzdPbAjz6UmfN2KRxD0LBg,e1a4d91fdae7e18483373f648141e53e
0-GUtXbpzDsU8XJBz24RYw,e1a4d91fdae7e18483373f648141e53e
76xTSDJ_Ugn2N9egbRMFEw,e1a4d91fdae7e18483373f648141e53e
KHPVZBYC5riH_BzpWnGEwQ,e1a4d91fdae7e18483373f648141e53e
u1x6DrSS7X8d_7UwrtyUuA,e1a4d91fdae7e18483373f648141e53e
m3-RTbihterH_6kp9sgT5g,e1a4d91fdae7e18483373f648141e53e
VyHdjx6K9XNfjsh2_2PqFA,e1a4d91fdae7e18483373f648141e53e
_nsu0ja3_tx8YakElRcC4g,e1a4d91fdae7e18483373f648141e53e
7IVWvS5fwG2xyYvexqfWZg,e1a4d91fdae7e18483373f648141e53e
1F2x_49ozaNVpmDD02D_vg,e1a4d91fdae7e18483373f648141e53e
dg330bwIZ0mzo3Rddt1lOQ,e1a4d91fdae7e18483373f648141e53e
wKSaReQwhOl8BdQbJxxGbw,e1a4d91fdae7e18483373f648141e53e
PT64qEUZsB9cFRACvqumPQ,e1a4d91fdae7e18483373f648141e53e
tcQmB2QTnxdSUq8CHVUi3A,e1a4d91fdae7e18483373f648141e53e
Igfiupxoc3UcJNHT4dz4mw,e1a4d91fdae7e18483373f648141e53e
IyldNNkTsEod58zt-KKzzw,e1a4d91fdae7e18483373f648141e53e
WfJZtXAR0gKc5DfCsEUIgw,e1a4d91fdae7e18483373f648141e53e
vc1XzzsXHsDmo4UPNS_7Ag,e1a4d91fdae7e18483373f648141e53e
C52TzoxEiqxFGKp0AAm0mg,e1a4d91fdae7e18483373f648141e53e
fvg_6lhEJYJ-hIXQwVJ3jQ,e1a4d91fdae7e18483373f648141e53e
uEqqNx9NrK8oIsBxAnl-6Q,e1a4d91fdae7e18483373f648141e53e
MQK-AA9xOFFLKBfd7bVSZw,0c9ad3e3703e5869b82619ecdf54f43e
swsw1361Ya_QTadUArlomQ,0c9ad3e3703e5869b82619ecdf54f43e
jENYBO-hThuNhIBZBw3n4A,852212d6d52b5f00544fad01d21c7db2
z8Ll85vU-pEELbqbb7K-9w,852212d6d52b5f00544fad01d21c7db2
XZg7TWr4eBiVXeSca2_JUg,852212d6d52b5f00544fad01d21c7db2
zs5zgv7rNOXurPQnqdW-qA,852212d6d52b5f00544fad01d21c7db2
_3FBR7yCFDfeDeLsyWrPbQ,852212d6d52b5f00544fad01d21c7db2
bR0AwfXJlNxMP0387deRRw,852212d6d52b5f00544fad01d21c7db2
AZaSqdPoPvsfTDnAMeoOkw,852212d6d52b5f00544fad01d21c7db2
aFOMOdl6Qe6Qr5paoQmYYQ,852212d6d52b5f00544fad01d21c7db2
nIXIrv80KmJj3PWjvi4ssQ,852212d6d52b5f00544fad01d21c7db2
IEavU1H1edShKGE6vIuoPg,852212d6d52b5f00544fad01d21c7db2
oEd-ZNr8lCi6CtTcp4Y2Rw,852212d6d52b5f00544fad01d21c7db2
90XZXjKo4ol0BqyOBQoJ8g,852212d6d52b5f00544fad01d21c7db2
seDlMO8ZR9B4eZcAZNra9w,852212d6d52b5f00544fad01d21c7db2
_ISrUeYkdfeT9Aa3teoF8A,852212d6d52b5f00544fad01d21c7db2
443bgsaGQcfwY1l5b2yxWA,852212d6d52b5f00544fad01d21c7db2
iHW0kEuk3apSWjasvYGKiQ,852212d6d52b5f00544fad01d21c7db2
lVBazL4ybBoc30KWLHEGtw,852212d6d52b5f00544fad01d21c7db2
CaW6UlH48vE1oJur583DZQ,852212d6d52b5f00544fad01d21c7db2
hp47YeVdAhW2uS48BbvzQw,852212d6d52b5f00544fad01d21c7db2
GylQWtq53KhNyato8X-dnQ,852212d6d52b5f00544fad01d21c7db2
APrNVND6qSDR2FCFC_HyEA,852212d6d52b5f00544fad01d21c7db2
uftu7un_Nm4I01VbbGyS7A,852212d6d52b5f00544fad01d21c7db2
UnCA023FCE_p6l5G7JWI4g,852212d6d52b5f00544fad01d21c7db2
1VrNLmCte66RgmBIif5g8g,852212d6d52b5f00544fad01d21c7db2
zQDVyHt8mbnCqaGBUrlZTA,852212d6d52b5f00544fad01d21c7db2
kVWborjFk85XBInxmdlSgw,852212d6d52b5f00544fad01d21c7db2
jKO4Og6ucdX2-YCTKQVYjg,f3708906ec71348f5a42579fede36a0d
XwKxw-Rwf7cB33KXxU-iTg,f3708906ec71348f5a42579fede36a0d
lmtyTjsLRLYxYc3DN-jYhQ,f3708906ec71348f5a42579fede36a0d
ImIP1Adwx6EvxNoj6gbjaA,f3708906ec71348f5a42579fede36a0d
kRfJn1Fwcl3iXmYhKalI5w,f3708906ec71348f5a42579fede36a0d
4f8mgwrPV_XRXMP9qLVhow,f3708906ec71348f5a42579fede36a0d
e8eDD0Cn_cRNoFhj90H7sw,f3708906ec71348f5a42579fede36a0d
FwaxOvge4_iOmivWn20Zng,f3708906ec71348f5a42579fede36a0d
cALV8k0kRonC_VD2yMzAXA,f3708906ec71348f5a42579fede36a0d
